-- phpMyAdmin SQL Dump
-- version phpStudy 2014
-- http://www.phpmyadmin.net
--
-- 主机: localhost
-- 生成日期: 2016 年 10 月 14 日 21:28
-- 服务器版本: 5.5.47
-- PHP 版本: 5.3.29

SET SQL_MODE="NO_AUTO_VALUE_ON_ZERO";
SET time_zone = "+00:00";


/*!40101 SET @OLD_CHARACTER_SET_CLIENT=@@CHARACTER_SET_CLIENT */;
/*!40101 SET @OLD_CHARACTER_SET_RESULTS=@@CHARACTER_SET_RESULTS */;
/*!40101 SET @OLD_COLLATION_CONNECTION=@@COLLATION_CONNECTION */;
/*!40101 SET NAMES utf8 */;

--
-- 数据库: `weipan`
--

-- --------------------------------------------------------

--
-- 表的结构 `wp_accountinfo`
--

CREATE TABLE IF NOT EXISTS `wp_accountinfo` (
  `aid` int(50) NOT NULL AUTO_INCREMENT,
  `uid` int(11) NOT NULL,
  `balance` double(24,2) DEFAULT '0.00' COMMENT '账号余额',
  `frozen` double(255,0) DEFAULT NULL COMMENT '冻结金额',
  `pwd` varchar(50) DEFAULT NULL COMMENT '交易密码',
  PRIMARY KEY (`aid`)
) ENGINE=MyISAM  DEFAULT CHARSET=utf8 AUTO_INCREMENT=114 ;

--
-- 转存表中的数据 `wp_accountinfo`
--

INSERT INTO `wp_accountinfo` (`aid`, `uid`, `balance`, `frozen`, `pwd`) VALUES
(1, 67, 100.00, NULL, '4c958b78b7f5d731adc6649338033022'),
(93, 338, 670.40, NULL, NULL),
(94, 339, 1150.00, NULL, NULL),
(95, 340, 9443.20, NULL, NULL),
(96, 341, 19430.00, NULL, NULL),
(97, 342, 19358.50, NULL, NULL),
(98, 343, 10000.00, NULL, NULL),
(99, 344, 0.00, NULL, '000000'),
(100, 345, 0.00, NULL, '000000'),
(101, 346, 0.00, NULL, '123123'),
(102, 347, 499999989.20, NULL, NULL),
(103, 348, 0.00, NULL, NULL),
(104, 349, 0.00, NULL, NULL),
(105, 350, 0.00, NULL, NULL),
(106, 351, 0.00, NULL, '123321'),
(107, 352, 123123.00, NULL, '456346'),
(108, 359, 9900.80, NULL, NULL),
(109, 360, 8790.00, NULL, NULL),
(110, 562, 9991.40, NULL, NULL),
(111, 563, 0.00, NULL, NULL),
(112, 389, 0.00, NULL, 'f36b1964119bc861e4bddea225b9b01f'),
(113, 390, 100000.00, NULL, 'a53426d929f98f88ab44e5748e0e583d');

-- --------------------------------------------------------

--
-- 表的结构 `wp_balance`
--

CREATE TABLE IF NOT EXISTS `wp_balance` (
  `bpid` int(11) NOT NULL AUTO_INCREMENT,
  `bptype` varchar(255) DEFAULT NULL COMMENT '收支类型',
  `bptime` int(20) DEFAULT NULL COMMENT '操作时间',
  `bpprice` double DEFAULT NULL COMMENT '收支',
  `remarks` varchar(255) DEFAULT NULL COMMENT '备注',
  `uid` int(11) DEFAULT NULL,
  `isverified` int(11) DEFAULT NULL COMMENT '判断申请是否通过，0未通过，1通过',
  `cltime` int(20) DEFAULT NULL COMMENT '审核时间',
  PRIMARY KEY (`bpid`)
) ENGINE=MyISAM  DEFAULT CHARSET=utf8 AUTO_INCREMENT=146 ;

--
-- 转存表中的数据 `wp_balance`
--

INSERT INTO `wp_balance` (`bpid`, `bptype`, `bptime`, `bpprice`, `remarks`, `uid`, `isverified`, `cltime`) VALUES
(11, '提现', 1452763308, 540, NULL, 64, 0, NULL),
(12, '提现', 1452763512, 300, NULL, 64, 0, NULL),
(13, '提现', 1452763894, 1000, NULL, 64, 0, NULL),
(14, '提现', 1452771435, 600, NULL, 64, 0, NULL),
(15, '提现', 1452771712, 100, NULL, 64, 0, NULL),
(16, '提现', 1452772051, 500, NULL, 64, 0, NULL),
(17, '提现', 1452773903, 100, NULL, 64, 0, NULL),
(18, '提现', 1452773949, 200, NULL, 64, 0, NULL),
(19, NULL, NULL, NULL, NULL, 69, NULL, NULL),
(20, '提现', 1453431038, 1000, '', 67, 2, 1453431181),
(21, '提现', 1453431422, 100, NULL, 67, 0, NULL),
(22, '提现', 1453431567, 100, NULL, 67, 0, NULL),
(23, '提现', 1453431596, 1000, NULL, 67, 0, NULL),
(24, '提现', 1453431895, 100, NULL, 67, 0, NULL),
(25, '提现', 1453431899, 100, NULL, 67, 0, NULL),
(26, '提现', 1453431935, 100, NULL, 67, 0, NULL),
(27, '提现', 1453431944, 100, NULL, 67, 0, NULL),
(28, '提现', 1453431946, 100, NULL, 67, 0, NULL),
(29, '提现', 1453431946, 100, NULL, 67, 0, NULL),
(30, '提现', 1453431947, 100, NULL, 67, 0, NULL),
(31, '提现', 1453431947, 100, NULL, 67, 0, NULL),
(32, '提现', 1453431947, 100, NULL, 67, 0, NULL),
(33, '提现', 1453431947, 100, NULL, 67, 0, NULL),
(34, '提现', 1453431947, 100, NULL, 67, 0, NULL),
(35, '提现', 1453431948, 100, NULL, 67, 0, NULL),
(36, '提现', 1453431965, 100, NULL, 67, 0, NULL),
(37, '提现', 1453431965, 100, NULL, 67, 0, NULL),
(38, '提现', 1453431989, 50000, NULL, 67, 0, NULL),
(39, '提现', 1453431989, 50000, NULL, 67, 0, NULL),
(40, '提现', 1453431989, 50000, NULL, 67, 0, NULL),
(41, '提现', 1453431989, 50000, NULL, 67, 0, NULL),
(42, '提现', 1453431989, 50000, NULL, 67, 0, NULL),
(43, '提现', 1453431990, 50000, NULL, 67, 0, NULL),
(44, '提现', 1453431991, 50000, NULL, 67, 0, NULL),
(45, '提现', 1453431991, 50000, NULL, 67, 0, NULL),
(46, '提现', 1453431991, 50000, NULL, 67, 0, NULL),
(47, '提现', 1453431991, 50000, NULL, 67, 0, NULL),
(48, '提现', 1453431991, 50000, NULL, 67, 0, NULL),
(49, '提现', 1453431991, 50000, NULL, 67, 0, NULL),
(50, '提现', 1453431992, 50000, NULL, 67, 0, NULL),
(51, '提现', 1453431992, 50000, NULL, 67, 0, NULL),
(52, '提现', 1453431992, 50000, NULL, 67, 0, NULL),
(53, '提现', 1453431992, 50000, NULL, 67, 0, NULL),
(54, '提现', 1453431992, 50000, NULL, 67, 0, NULL),
(55, '提现', 1453431992, 50000, NULL, 67, 0, NULL),
(56, '提现', 1453431993, 50000, NULL, 67, 0, NULL),
(57, '提现', 1453431993, 50000, NULL, 67, 0, NULL),
(58, '提现', 1453431993, 50000, NULL, 67, 0, NULL),
(59, '提现', 1453431993, 50000, NULL, 67, 0, NULL),
(60, '提现', 1453431993, 50000, NULL, 67, 0, NULL),
(61, '提现', 1453431993, 50000, NULL, 67, 0, NULL),
(62, '提现', 1453431994, 50000, NULL, 67, 0, NULL),
(63, '提现', 1453431994, 50000, NULL, 67, 0, NULL),
(64, '提现', 1453431994, 50000, NULL, 67, 0, NULL),
(65, '提现', 1453431994, 50000, NULL, 67, 0, NULL),
(66, '提现', 1453431994, 50000, NULL, 67, 0, NULL),
(67, '提现', 1453431995, 50000, NULL, 67, 0, NULL),
(68, '提现', 1453431995, 50000, NULL, 67, 0, NULL),
(69, '提现', 1453431995, 50000, NULL, 67, 0, NULL),
(70, '提现', 1453431995, 50000, NULL, 67, 0, NULL),
(71, '提现', 1453431995, 50000, NULL, 67, 0, NULL),
(72, '提现', 1453431995, 50000, NULL, 67, 0, NULL),
(73, '提现', 1453431996, 50000, NULL, 67, 0, NULL),
(74, '提现', 1453432095, 100, NULL, 67, 0, NULL),
(75, '提现', 1453432232, 100, NULL, 67, 0, NULL),
(76, '提现', 1453432846, 100, '', 67, 1, 1472807675),
(77, '提现', 1453432862, 100, '', 67, 1, 1472807641),
(78, '提现', 1453433168, 100, '', 67, 2, 1463023194),
(79, '提现', 1453433173, 100, '', 67, 1, 1453441341),
(80, '提现', 1453433234, 100, '', 67, 2, 1453441331),
(81, '提现', 1453433237, 100, '1516', 67, 2, 1453434492),
(82, '提现', 1453433343, 100, '1111', 67, 2, 1453434167),
(83, '提现', 1453433361, 100, '122', 67, 1, 1453434141),
(84, '提现', 1453433485, 100, '', 67, 2, 1453433657),
(85, NULL, NULL, NULL, NULL, 67, NULL, NULL),
(86, '充值', 1463023126, 0.01, '开始充值', 67, NULL, NULL),
(87, '充值', 1463023128, 0, '开始充值', 67, NULL, NULL),
(88, '充值', 1463023131, 0, '开始充值', 67, NULL, NULL),
(89, '充值', 1463121160, 100, '开始充值', 342, NULL, NULL),
(90, '充值', 1463386848, 0.01, '开始充值', 67, NULL, NULL),
(91, '充值', 1465900299, 0.01, '开始充值', 351, NULL, NULL),
(92, '充值', 1465900318, 0.01, '开始充值', 351, NULL, NULL),
(93, '充值', 1465900318, 0.01, '开始充值', 351, NULL, NULL),
(94, '充值', 1471930673, 0.01, '开始充值', 359, NULL, NULL),
(95, '充值', 1471958139, 0, '开始充值', 359, NULL, NULL),
(96, '充值', 1471965651, 1, '开始充值', 360, NULL, NULL),
(97, '充值', 1472565344, 100001, '开始充值', 68, NULL, NULL),
(98, '充值', 1472649978, 0.01, '开始充值', 67, NULL, NULL),
(99, '充值', 1472650346, 0.01, '开始充值', 67, NULL, NULL),
(100, '充值', 1472651204, 0.01, '开始充值', 67, NULL, NULL),
(101, '充值', 1472651923, 100, '开始充值', 67, NULL, NULL),
(102, '充值', 1472653337, 0.01, '开始充值', 67, NULL, NULL),
(103, '充值', 1472698468, 1, '开始充值', 68, NULL, NULL),
(104, '充值', 1472698474, 1, '开始充值', 68, NULL, NULL),
(105, '充值', 1472779707, 1, '开始充值', 68, NULL, NULL),
(106, '充值', 1472779760, 1, '开始充值', 68, NULL, NULL),
(107, '充值', 1472781072, 0.01, '开始充值', 67, NULL, NULL),
(108, '充值', 1472781138, 1, '开始充值', 67, NULL, NULL),
(109, '充值', 1472782276, 0.01, '开始充值', 67, NULL, NULL),
(110, '充值', 1472782377, 0.01, '开始充值', 67, NULL, NULL),
(111, '充值', 1472782379, 0, '开始充值', 67, NULL, NULL),
(112, '充值', 1472782492, 0, '开始充值', 67, NULL, NULL),
(113, '充值', 1472782500, 0, '开始充值', 67, NULL, NULL),
(114, '充值', 1472782507, 0, '开始充值', 67, NULL, NULL),
(115, '充值', 1472796869, 1, '开始充值', 67, NULL, NULL),
(116, '充值', 1472796875, 1, '开始充值', 67, NULL, NULL),
(117, '充值', 1472800125, 0.01, '开始充值', 67, NULL, NULL),
(118, '充值', 1472800138, 0.01, '开始充值', 67, NULL, NULL),
(119, '充值', 1472800903, 0.01, '开始充值', 67, NULL, NULL),
(120, '充值', 1472801010, 0.01, '开始充值', 67, NULL, NULL),
(121, '充值', 1472801930, 0.01, '开始充值', 67, NULL, NULL),
(122, '充值', 1472801981, 0.01, '开始充值', 67, NULL, NULL),
(123, '充值', 1472802475, 10, '开始充值', 68, 1, NULL),
(124, '充值', 1472803027, 1, '开始充值', 68, NULL, NULL),
(125, '充值', 1472803124, 1, '开始充值', 68, NULL, NULL),
(126, '充值', 1472804347, 1, '开始充值', 68, NULL, NULL),
(127, '充值', 1472868657, 5, '开始充值', 359, NULL, NULL),
(128, '充值', 1472978079, 1, '开始充值', 426, NULL, NULL),
(129, '充值', 1472978172, 0.01, '开始充值', 426, NULL, NULL),
(130, '充值', 1472978192, 0, '开始充值', 426, NULL, NULL),
(131, '充值', 1472978710, 1, '开始充值', 426, NULL, NULL),
(132, '充值', 1472979824, 10, '开始充值', 426, NULL, NULL),
(133, '充值', 1472979851, 10, '开始充值', 426, NULL, NULL),
(134, '充值', 1472980014, 10, '开始充值', 426, NULL, NULL),
(135, '充值', 1472980121, 1, '开始充值', 426, NULL, NULL),
(136, '充值', 1472980167, 1, '开始充值', 426, NULL, NULL),
(137, '充值', 1472983129, 1, '开始充值', 426, NULL, NULL),
(138, '充值', 1472983525, 10, '开始充值', 426, NULL, NULL),
(139, '充值', 1472983542, 1, '开始充值', 426, NULL, NULL),
(140, '充值', 1472983549, 10, '开始充值', 426, NULL, NULL),
(141, '充值', 1472984282, 10, '开始充值', 426, NULL, NULL),
(142, '充值', 1472984459, 10, '开始充值', 426, NULL, NULL),
(143, '充值', 1472984521, 1, '开始充值', 426, NULL, NULL),
(144, '充值', 1472984574, 1, '开始充值', 426, NULL, NULL),
(145, '充值', 1472985527, 1, '开始充值', 426, NULL, NULL);

-- --------------------------------------------------------

--
-- 表的结构 `wp_bankinfo`
--

CREATE TABLE IF NOT EXISTS `wp_bankinfo` (
  `bid` int(20) NOT NULL AUTO_INCREMENT,
  `uid` int(11) NOT NULL COMMENT '绑定',
  `bankname` varchar(20) NOT NULL COMMENT '所属银行',
  `province` varchar(20) NOT NULL COMMENT '省份',
  `city` varchar(20) NOT NULL COMMENT '城市',
  `branch` varchar(20) NOT NULL COMMENT '支行名',
  `banknumber` varchar(20) NOT NULL COMMENT '银行卡号',
  `busername` varchar(20) NOT NULL COMMENT '姓名',
  PRIMARY KEY (`bid`)
) ENGINE=MyISAM  DEFAULT CHARSET=utf8 AUTO_INCREMENT=34 ;

--
-- 转存表中的数据 `wp_bankinfo`
--

INSERT INTO `wp_bankinfo` (`bid`, `uid`, `bankname`, `province`, `city`, `branch`, `banknumber`, `busername`) VALUES
(20, 338, '', '', '', '', '', ''),
(21, 339, '', '', '', '', '', ''),
(22, 340, '', '', '', '', '', ''),
(23, 341, '', '', '', '', '', ''),
(24, 342, '', '', '', '', '', ''),
(25, 343, '', '', '', '', '', ''),
(26, 67, '', '', '', '', '', ''),
(27, 352, '中国工商银行', '上海', '徐汇区', '12312312', '12312312', '123123'),
(28, 359, '', '', '', '', '', ''),
(29, 360, '', '', '', '', '', ''),
(30, 68, '', '', '', '', '', ''),
(31, 562, '', '', '', '', '', ''),
(32, 356, '支付宝', '', '', '', '', ''),
(33, 390, '支付宝', '', '', '', '', '');

-- --------------------------------------------------------

--
-- 表的结构 `wp_bournal`
--

CREATE TABLE IF NOT EXISTS `wp_bournal` (
  `bno` varchar(100) NOT NULL COMMENT '提现/充值编号',
  `btype` varchar(20) DEFAULT NULL COMMENT '银行名称',
  `btime` int(20) DEFAULT NULL COMMENT '操作时间',
  `bprice` double(20,2) DEFAULT NULL COMMENT '提现/充值金额',
  `uid` int(20) DEFAULT NULL COMMENT '持卡人名称',
  `username` varchar(20) DEFAULT NULL COMMENT '用户名',
  `isverified` int(10) DEFAULT NULL,
  `balance` double(20,2) DEFAULT '0.00' COMMENT '账户余额'
) ENGINE=MyISAM DEFAULT CHARSET=utf8;

-- --------------------------------------------------------

--
-- 表的结构 `wp_catproduct`
--

CREATE TABLE IF NOT EXISTS `wp_catproduct` (
  `cid` int(11) NOT NULL AUTO_INCREMENT,
  `cname` varchar(255) DEFAULT NULL,
  `myat` double(11,1) DEFAULT '10.0' COMMENT '点差*',
  `myatjia` double(11,2) DEFAULT '0.00' COMMENT '点差+',
  `ask` double(11,2) DEFAULT '0.00' COMMENT '现在的价格',
  `high` double(11,2) DEFAULT '0.00' COMMENT '最高',
  `low` double(11,2) DEFAULT '0.00' COMMENT '最低',
  `open` double(11,2) DEFAULT '0.00' COMMENT '今开',
  `close` double(11,2) DEFAULT '0.00' COMMENT '昨收',
  `eidtime` int(20) DEFAULT NULL COMMENT '更新时间',
  PRIMARY KEY (`cid`)
) ENGINE=MyISAM  DEFAULT CHARSET=utf8 AUTO_INCREMENT=6 ;

--
-- 转存表中的数据 `wp_catproduct`
--

INSERT INTO `wp_catproduct` (`cid`, `cname`, `myat`, `myatjia`, `ask`, `high`, `low`, `open`, `close`, `eidtime`) VALUES
(1, '油', 100.0, 1500.00, 239.24, 241.78, 238.13, 240.03, 238.91, 1451993790),
(2, '白银', 1.0, 1000.00, 2928.00, 2942.00, 2899.00, 2901.00, 2902.00, 1451993791),
(3, '铜', 1.0, 1500.00, 30375.00, 30499.00, 29939.00, 30057.00, 29965.00, 1451993792),
(4, '大豆', 10.0, 0.00, 0.00, 0.00, 0.00, 0.00, 0.00, NULL);

-- --------------------------------------------------------

--
-- 表的结构 `wp_commission`
--

CREATE TABLE IF NOT EXISTS `wp_commission` (
  `comid` int(11) NOT NULL AUTO_INCREMENT,
  `ustyle` int(11) DEFAULT '0' COMMENT '状态，0显示，1是不显示',
  `rebate` double(11,2) DEFAULT NULL COMMENT '佣金',
  `cotime` int(20) DEFAULT NULL COMMENT '提现时间',
  `uid` int(11) DEFAULT NULL COMMENT '提线人id',
  PRIMARY KEY (`comid`)
) ENGINE=MyISAM  DEFAULT CHARSET=utf8 AUTO_INCREMENT=4 ;

--
-- 转存表中的数据 `wp_commission`
--

INSERT INTO `wp_commission` (`comid`, `ustyle`, `rebate`, `cotime`, `uid`) VALUES
(1, 0, 20.00, 1450538571, 64),
(2, 1, 100.00, 1450538571, 64),
(3, 1, 50.00, 1450538571, 64);

-- --------------------------------------------------------

--
-- 表的结构 `wp_experience`
--

CREATE TABLE IF NOT EXISTS `wp_experience` (
  `eid` int(11) NOT NULL AUTO_INCREMENT,
  `eprice` int(11) DEFAULT NULL,
  `limittime` int(11) DEFAULT '0' COMMENT '时限',
  PRIMARY KEY (`eid`)
) ENGINE=MyISAM  DEFAULT CHARSET=utf8 AUTO_INCREMENT=10 ;

--
-- 转存表中的数据 `wp_experience`
--

INSERT INTO `wp_experience` (`eid`, `eprice`, `limittime`) VALUES
(5, 200, 30),
(6, 8, 60),
(7, 200, 50),
(8, 5, 12),
(9, 8, 10);

-- --------------------------------------------------------

--
-- 表的结构 `wp_experienceinfo`
--

CREATE TABLE IF NOT EXISTS `wp_experienceinfo` (
  `exid` int(11) NOT NULL AUTO_INCREMENT,
  `uid` int(11) NOT NULL,
  `eid` int(11) DEFAULT NULL,
  `exgtime` int(20) DEFAULT NULL COMMENT '领卷时间',
  `endtime` int(30) DEFAULT NULL COMMENT '过期时间',
  `getstyle` int(11) DEFAULT NULL COMMENT '状态',
  `getway` varchar(50) DEFAULT NULL COMMENT '获得途径',
  PRIMARY KEY (`exid`)
) ENGINE=MyISAM  DEFAULT CHARSET=utf8 AUTO_INCREMENT=576 ;

--
-- 转存表中的数据 `wp_experienceinfo`
--

INSERT INTO `wp_experienceinfo` (`exid`, `uid`, `eid`, `exgtime`, `endtime`, `getstyle`, `getway`) VALUES
(81, 362, 6, 1455702248, 1460886248, 0, '注册赠送'),
(82, 362, 6, 1455702248, 1460886248, 0, '注册赠送'),
(83, 362, 6, 1455702248, 1460886248, 0, '注册赠送'),
(84, 364, 6, 1455764597, 1460948597, 1, '注册赠送'),
(85, 364, 6, 1455764597, 1460948597, 1, '注册赠送'),
(86, 364, 6, 1455764597, 1460948597, 0, '注册赠送'),
(87, 365, 6, 1455766824, 1460950824, 1, '注册赠送'),
(88, 365, 6, 1455766824, 1460950824, 1, '注册赠送'),
(89, 365, 6, 1455766824, 1460950824, 1, '注册赠送'),
(90, 354, 6, 1455789346, 1460973346, 1, '注册赠送'),
(91, 354, 6, 1455789346, 1460973346, 0, '注册赠送'),
(92, 354, 6, 1455789346, 1460973346, 0, '注册赠送'),
(93, 358, 6, 1455876271, 1461060271, 0, '注册赠送'),
(94, 358, 6, 1455876271, 1461060271, 0, '注册赠送'),
(95, 358, 6, 1455876271, 1461060271, 0, '注册赠送'),
(96, 347, 6, 1456977282, 1462161282, 0, '注册赠送'),
(97, 347, 6, 1456977282, 1462161282, 0, '注册赠送'),
(98, 347, 6, 1456977282, 1462161282, 0, '注册赠送'),
(99, 366, 6, 1457156458, 1462340458, 0, '注册赠送'),
(100, 366, 6, 1457156458, 1462340458, 0, '注册赠送'),
(101, 366, 6, 1457156458, 1462340458, 0, '注册赠送'),
(102, 369, 6, 1457338219, 1462522219, 0, '注册赠送'),
(103, 369, 6, 1457338219, 1462522219, 0, '注册赠送'),
(104, 369, 6, 1457338219, 1462522219, 0, '注册赠送'),
(105, 370, 6, 1457340670, 1462524670, 0, '注册赠送'),
(106, 370, 6, 1457340670, 1462524670, 0, '注册赠送'),
(107, 370, 6, 1457340670, 1462524670, 0, '注册赠送'),
(108, 352, 6, 1457427820, 1462611820, 0, '注册赠送'),
(109, 352, 6, 1457427820, 1462611820, 0, '注册赠送'),
(110, 352, 6, 1457427820, 1462611820, 0, '注册赠送'),
(111, 64, 6, 1457427954, 1462611954, 0, '注册赠送'),
(112, 64, 6, 1457427954, 1462611954, 0, '注册赠送'),
(113, 64, 6, 1457427954, 1462611954, 0, '注册赠送'),
(114, 64, 6, 1457427955, 1462611955, 0, '注册赠送'),
(115, 64, 6, 1457427955, 1462611955, 0, '注册赠送'),
(116, 64, 6, 1457427955, 1462611955, 0, '注册赠送'),
(117, 64, 6, 1457427966, 1462611966, 0, '注册赠送'),
(118, 64, 6, 1457427966, 1462611966, 0, '注册赠送'),
(119, 64, 6, 1457427966, 1462611966, 0, '注册赠送'),
(120, 372, 6, 1457427966, 1462611966, 0, '注册赠送'),
(121, 372, 6, 1457427966, 1462611966, 0, '注册赠送'),
(122, 372, 6, 1457427966, 1462611966, 0, '注册赠送'),
(123, 373, 6, 1457429030, 1462613030, 0, '注册赠送'),
(124, 373, 6, 1457429030, 1462613030, 0, '注册赠送'),
(125, 373, 6, 1457429030, 1462613030, 0, '注册赠送'),
(126, 376, 6, 1458354473, 1463538473, 0, '注册赠送'),
(127, 376, 6, 1458354473, 1463538473, 0, '注册赠送'),
(128, 376, 6, 1458354473, 1463538473, 0, '注册赠送'),
(129, 351, 6, 1458544181, 1463728181, 0, '注册赠送'),
(130, 351, 6, 1458544181, 1463728181, 0, '注册赠送'),
(131, 351, 6, 1458544181, 1463728181, 0, '注册赠送'),
(132, 377, 6, 1458733994, 1463917994, 0, '注册赠送'),
(133, 377, 6, 1458733994, 1463917994, 0, '注册赠送'),
(134, 377, 6, 1458733994, 1463917994, 0, '注册赠送'),
(135, 378, 6, 1459403509, 1464587509, 0, '注册赠送'),
(136, 378, 6, 1459403509, 1464587509, 0, '注册赠送'),
(137, 378, 6, 1459403509, 1464587509, 0, '注册赠送'),
(138, 64, 5, 1459406331, 1461998331, 0, '后台发放'),
(139, 65, 5, 1459406331, 1461998331, 0, '后台发放'),
(140, 66, 5, 1459406331, 1461998331, 0, '后台发放'),
(141, 67, 5, 1459406331, 1461998331, 1, '后台发放'),
(142, 68, 5, 1459406331, 1461998331, 0, '后台发放'),
(143, 69, 5, 1459406331, 1461998331, 0, '后台发放'),
(144, 70, 5, 1459406331, 1461998331, 0, '后台发放'),
(145, 71, 5, 1459406331, 1461998331, 0, '后台发放'),
(146, 102, 5, 1459406331, 1461998331, 0, '后台发放'),
(147, 103, 5, 1459406331, 1461998331, 0, '后台发放'),
(148, 127, 5, 1459406331, 1461998331, 0, '后台发放'),
(149, 129, 5, 1459406331, 1461998331, 0, '后台发放'),
(150, 130, 5, 1459406331, 1461998331, 0, '后台发放'),
(151, 143, 5, 1459406331, 1461998331, 0, '后台发放'),
(152, 144, 5, 1459406331, 1461998331, 0, '后台发放'),
(153, 145, 5, 1459406331, 1461998331, 0, '后台发放'),
(154, 146, 5, 1459406331, 1461998331, 0, '后台发放'),
(155, 147, 5, 1459406331, 1461998331, 0, '后台发放'),
(156, 148, 5, 1459406331, 1461998331, 0, '后台发放'),
(157, 159, 5, 1459406331, 1461998331, 0, '后台发放'),
(158, 378, 5, 1459406331, 1461998331, 0, '后台发放'),
(159, 160, 5, 1459406331, 1461998331, 0, '后台发放'),
(160, 347, 5, 1459406331, 1461998331, 0, '后台发放'),
(161, 348, 5, 1459406331, 1461998331, 0, '后台发放'),
(162, 349, 5, 1459406331, 1461998331, 0, '后台发放'),
(163, 350, 5, 1459406331, 1461998331, 0, '后台发放'),
(164, 351, 5, 1459406331, 1461998331, 0, '后台发放'),
(165, 352, 5, 1459406331, 1461998331, 0, '后台发放'),
(166, 353, 5, 1459406331, 1461998331, 0, '后台发放'),
(167, 354, 5, 1459406331, 1461998331, 0, '后台发放'),
(168, 355, 5, 1459406331, 1461998331, 0, '后台发放'),
(169, 356, 5, 1459406331, 1461998331, 0, '后台发放'),
(170, 357, 5, 1459406331, 1461998331, 0, '后台发放'),
(171, 358, 5, 1459406331, 1461998331, 0, '后台发放'),
(172, 359, 5, 1459406331, 1461998331, 0, '后台发放'),
(173, 360, 5, 1459406331, 1461998331, 0, '后台发放'),
(174, 361, 5, 1459406331, 1461998331, 0, '后台发放'),
(175, 362, 5, 1459406331, 1461998331, 0, '后台发放'),
(176, 365, 5, 1459406331, 1461998331, 0, '后台发放'),
(177, 364, 5, 1459406331, 1461998331, 0, '后台发放'),
(178, 368, 5, 1459406331, 1461998331, 0, '后台发放'),
(179, 367, 5, 1459406331, 1461998331, 0, '后台发放'),
(180, 369, 5, 1459406331, 1461998331, 0, '后台发放'),
(181, 370, 5, 1459406331, 1461998331, 0, '后台发放'),
(182, 371, 5, 1459406331, 1461998331, 0, '后台发放'),
(183, 372, 5, 1459406331, 1461998331, 0, '后台发放'),
(184, 373, 5, 1459406331, 1461998331, 0, '后台发放'),
(185, 374, 5, 1459406331, 1461998331, 0, '后台发放'),
(186, 375, 5, 1459406331, 1461998331, 0, '后台发放'),
(187, 376, 5, 1459406331, 1461998331, 0, '后台发放'),
(188, 377, 5, 1459406331, 1461998331, 0, '后台发放'),
(189, 64, 5, 1459428937, 1462020937, 0, '后台发放'),
(190, 65, 5, 1459428937, 1462020937, 0, '后台发放'),
(191, 66, 5, 1459428937, 1462020937, 0, '后台发放'),
(192, 67, 5, 1459428937, 1462020937, 1, '后台发放'),
(193, 68, 5, 1459428937, 1462020937, 0, '后台发放'),
(194, 69, 5, 1459428937, 1462020937, 0, '后台发放'),
(195, 70, 5, 1459428937, 1462020937, 0, '后台发放'),
(196, 71, 5, 1459428937, 1462020937, 0, '后台发放'),
(197, 102, 5, 1459428937, 1462020937, 0, '后台发放'),
(198, 103, 5, 1459428937, 1462020937, 0, '后台发放'),
(199, 127, 5, 1459428937, 1462020937, 0, '后台发放'),
(200, 129, 5, 1459428937, 1462020937, 0, '后台发放'),
(201, 130, 5, 1459428937, 1462020937, 0, '后台发放'),
(202, 143, 5, 1459428937, 1462020937, 0, '后台发放'),
(203, 144, 5, 1459428937, 1462020937, 0, '后台发放'),
(204, 145, 5, 1459428937, 1462020937, 0, '后台发放'),
(205, 146, 5, 1459428937, 1462020937, 0, '后台发放'),
(206, 147, 5, 1459428937, 1462020937, 0, '后台发放'),
(207, 148, 5, 1459428937, 1462020937, 0, '后台发放'),
(208, 159, 5, 1459428937, 1462020937, 0, '后台发放'),
(209, 378, 5, 1459428937, 1462020937, 0, '后台发放'),
(210, 160, 5, 1459428937, 1462020937, 0, '后台发放'),
(211, 347, 5, 1459428937, 1462020937, 0, '后台发放'),
(212, 348, 5, 1459428937, 1462020937, 0, '后台发放'),
(213, 349, 5, 1459428937, 1462020937, 0, '后台发放'),
(214, 350, 5, 1459428937, 1462020937, 0, '后台发放'),
(215, 351, 5, 1459428937, 1462020937, 0, '后台发放'),
(216, 352, 5, 1459428937, 1462020937, 0, '后台发放'),
(217, 353, 5, 1459428937, 1462020937, 0, '后台发放'),
(218, 354, 5, 1459428937, 1462020937, 0, '后台发放'),
(219, 355, 5, 1459428937, 1462020937, 0, '后台发放'),
(220, 356, 5, 1459428937, 1462020937, 0, '后台发放'),
(221, 357, 5, 1459428937, 1462020937, 0, '后台发放'),
(222, 358, 5, 1459428937, 1462020937, 0, '后台发放'),
(223, 359, 5, 1459428937, 1462020937, 0, '后台发放'),
(224, 360, 5, 1459428937, 1462020937, 0, '后台发放'),
(225, 361, 5, 1459428937, 1462020937, 0, '后台发放'),
(226, 362, 5, 1459428937, 1462020937, 0, '后台发放'),
(227, 365, 5, 1459428937, 1462020937, 0, '后台发放'),
(228, 364, 5, 1459428937, 1462020937, 0, '后台发放'),
(229, 368, 5, 1459428937, 1462020937, 0, '后台发放'),
(230, 367, 5, 1459428937, 1462020937, 0, '后台发放'),
(231, 369, 5, 1459428937, 1462020937, 0, '后台发放'),
(232, 370, 5, 1459428937, 1462020937, 0, '后台发放'),
(233, 371, 5, 1459428937, 1462020937, 0, '后台发放'),
(234, 372, 5, 1459428937, 1462020937, 0, '后台发放'),
(235, 373, 5, 1459428937, 1462020937, 0, '后台发放'),
(236, 374, 5, 1459428937, 1462020937, 0, '后台发放'),
(237, 375, 5, 1459428937, 1462020937, 0, '后台发放'),
(238, 376, 5, 1459428937, 1462020937, 0, '后台发放'),
(239, 377, 5, 1459428937, 1462020937, 0, '后台发放'),
(240, 379, 5, 1459428937, 1462020937, 0, '后台发放'),
(241, 381, 6, 1459922919, 1465106919, 0, '注册赠送'),
(242, 381, 6, 1459922919, 1465106919, 0, '注册赠送'),
(243, 381, 6, 1459922919, 1465106919, 0, '注册赠送'),
(244, 382, 6, 1459923639, 1465107639, 0, '注册赠送'),
(245, 382, 6, 1459923639, 1465107639, 0, '注册赠送'),
(246, 382, 6, 1459923639, 1465107639, 0, '注册赠送'),
(247, 384, 6, 1459925374, 1465109374, 0, '注册赠送'),
(248, 384, 6, 1459925374, 1465109374, 0, '注册赠送'),
(249, 384, 6, 1459925374, 1465109374, 0, '注册赠送'),
(250, 385, 6, 1459925506, 1465109506, 0, '注册赠送'),
(251, 385, 6, 1459925506, 1465109506, 0, '注册赠送'),
(252, 385, 6, 1459925506, 1465109506, 0, '注册赠送'),
(253, 387, 6, 1459925810, 1465109810, 0, '注册赠送'),
(254, 387, 6, 1459925810, 1465109810, 0, '注册赠送'),
(255, 387, 6, 1459925810, 1465109810, 0, '注册赠送'),
(256, 90, 6, 1459925810, 1465109810, 0, '分享赠送'),
(257, 388, 6, 1459926135, 1465110135, 1, '注册赠送'),
(258, 388, 6, 1459926135, 1465110135, 0, '注册赠送'),
(259, 388, 6, 1459926135, 1465110135, 0, '注册赠送'),
(260, 350, 6, 1459926194, 1465110194, 0, '注册赠送'),
(261, 350, 6, 1459926194, 1465110194, 0, '注册赠送'),
(262, 350, 6, 1459926194, 1465110194, 0, '注册赠送'),
(263, 388, 6, 1459926194, 1465110194, 0, '分享赠送'),
(264, 389, 6, 1459927704, 1465111704, 0, '注册赠送'),
(265, 389, 6, 1459927704, 1465111704, 0, '注册赠送'),
(266, 389, 6, 1459927704, 1465111704, 0, '注册赠送'),
(267, 390, 6, 1459928805, 1465112805, 0, '注册赠送'),
(268, 390, 6, 1459928805, 1465112805, 0, '注册赠送'),
(269, 390, 6, 1459928805, 1465112805, 0, '注册赠送'),
(270, 361, 6, 1460340420, 1465524420, 0, '注册赠送'),
(271, 361, 6, 1460340420, 1465524420, 0, '注册赠送'),
(272, 361, 6, 1460340420, 1465524420, 0, '注册赠送'),
(273, 64, 6, 1460340425, 1465524425, 0, '注册赠送'),
(274, 64, 6, 1460340425, 1465524425, 0, '注册赠送'),
(275, 64, 6, 1460340425, 1465524425, 0, '注册赠送'),
(276, 393, 6, 1460364807, 1465548807, 0, '注册赠送'),
(277, 393, 6, 1460364807, 1465548807, 0, '注册赠送'),
(278, 393, 6, 1460364807, 1465548807, 0, '注册赠送'),
(279, 396, 6, 1460509650, 1465693650, 0, '注册赠送'),
(280, 396, 6, 1460509650, 1465693650, 0, '注册赠送'),
(281, 396, 6, 1460509650, 1465693650, 0, '注册赠送'),
(282, 397, 6, 1460535355, 1465719355, 1, '注册赠送'),
(283, 397, 6, 1460535355, 1465719355, 1, '注册赠送'),
(284, 397, 6, 1460535355, 1465719355, 0, '注册赠送'),
(285, 64, 6, 1460535359, 1465719359, 0, '注册赠送'),
(286, 64, 6, 1460535359, 1465719359, 0, '注册赠送'),
(287, 64, 6, 1460535359, 1465719359, 0, '注册赠送'),
(288, 398, 6, 1460535382, 1465719382, 1, '注册赠送'),
(289, 398, 6, 1460535382, 1465719382, 1, '注册赠送'),
(290, 398, 6, 1460535382, 1465719382, 0, '注册赠送'),
(291, 399, 6, 1460606967, 1465790967, 0, '注册赠送'),
(292, 399, 6, 1460606967, 1465790967, 0, '注册赠送'),
(293, 399, 6, 1460606967, 1465790967, 0, '注册赠送'),
(294, 400, 6, 1460967642, 1466151642, 0, '注册赠送'),
(295, 400, 6, 1460967642, 1466151642, 0, '注册赠送'),
(296, 400, 6, 1460967642, 1466151642, 0, '注册赠送'),
(297, 401, 6, 1461033148, 1466217148, 1, '注册赠送'),
(298, 401, 6, 1461033148, 1466217148, 1, '注册赠送'),
(299, 401, 6, 1461033148, 1466217148, 1, '注册赠送'),
(300, 402, 6, 1461209909, 1466393909, 1, '注册赠送'),
(301, 402, 6, 1461209909, 1466393909, 1, '注册赠送'),
(302, 402, 6, 1461209909, 1466393909, 0, '注册赠送'),
(303, 403, 6, 1461217356, 1466401356, 0, '注册赠送'),
(304, 403, 6, 1461217356, 1466401356, 0, '注册赠送'),
(305, 403, 6, 1461217356, 1466401356, 0, '注册赠送'),
(306, 404, 6, 1461321462, 1466505462, 0, '注册赠送'),
(307, 404, 6, 1461321462, 1466505462, 0, '注册赠送'),
(308, 404, 6, 1461321462, 1466505462, 0, '注册赠送'),
(309, 360, 6, 1461321474, 1466505474, 0, '注册赠送'),
(310, 360, 6, 1461321474, 1466505474, 0, '注册赠送'),
(311, 360, 6, 1461321474, 1466505474, 0, '注册赠送'),
(312, 405, 6, 1461577079, 1466761079, 0, '注册赠送'),
(313, 405, 6, 1461577079, 1466761079, 0, '注册赠送'),
(314, 405, 6, 1461577079, 1466761079, 0, '注册赠送'),
(315, 406, 6, 1461687869, 1466871869, 0, '注册赠送'),
(316, 406, 6, 1461687869, 1466871869, 0, '注册赠送'),
(317, 406, 6, 1461687869, 1466871869, 0, '注册赠送'),
(318, 407, 6, 1461722356, 1466906356, 0, '注册赠送'),
(319, 407, 6, 1461722356, 1466906356, 0, '注册赠送'),
(320, 407, 6, 1461722356, 1466906356, 0, '注册赠送'),
(321, 408, 6, 1461723060, 1466907060, 0, '注册赠送'),
(322, 408, 6, 1461723060, 1466907060, 0, '注册赠送'),
(323, 408, 6, 1461723060, 1466907060, 0, '注册赠送'),
(324, 409, 6, 1461910621, 1467094621, 0, '注册赠送'),
(325, 409, 6, 1461910621, 1467094621, 0, '注册赠送'),
(326, 409, 6, 1461910621, 1467094621, 0, '注册赠送'),
(327, 410, 6, 1461915154, 1467099154, 1, '注册赠送'),
(328, 410, 6, 1461915154, 1467099154, 0, '注册赠送'),
(329, 410, 6, 1461915154, 1467099154, 0, '注册赠送'),
(330, 67, 5, 1462501392, 1465093392, 1, '后台发放'),
(331, 412, 6, 1462711994, 1467895994, 0, '注册赠送'),
(332, 412, 6, 1462711994, 1467895994, 0, '注册赠送'),
(333, 412, 6, 1462711994, 1467895994, 0, '注册赠送'),
(334, 68, 9, 1463386456, 1464250456, 0, '后台发放'),
(335, 67, 9, 1463386456, 1464250456, 1, '后台发放'),
(336, 338, 9, 1463386456, 1464250456, 0, '后台发放'),
(337, 339, 9, 1463386456, 1464250456, 0, '后台发放'),
(338, 340, 9, 1463386456, 1464250456, 0, '后台发放'),
(339, 341, 9, 1463386456, 1464250456, 0, '后台发放'),
(340, 342, 9, 1463386456, 1464250456, 0, '后台发放'),
(341, 343, 9, 1463386456, 1464250456, 0, '后台发放'),
(342, 344, 9, 1463386456, 1464250456, 0, '后台发放'),
(343, 345, 9, 1463386456, 1464250456, 0, '后台发放'),
(344, 346, 6, 1463858338, 1469042338, 0, '注册赠送'),
(345, 346, 6, 1463858338, 1469042338, 0, '注册赠送'),
(346, 346, 6, 1463858338, 1469042338, 0, '注册赠送'),
(347, 67, 6, 1463858338, 1469042338, 1, '分享赠送'),
(348, 68, 5, 1464117883, 1466709883, 0, '后台发放'),
(349, 67, 5, 1464117883, 1466709883, 1, '后台发放'),
(350, 338, 5, 1464117883, 1466709883, 0, '后台发放'),
(351, 339, 5, 1464117883, 1466709883, 0, '后台发放'),
(352, 340, 5, 1464117883, 1466709883, 0, '后台发放'),
(353, 341, 5, 1464117883, 1466709883, 0, '后台发放'),
(354, 342, 5, 1464117883, 1466709883, 0, '后台发放'),
(355, 343, 5, 1464117883, 1466709883, 0, '后台发放'),
(356, 344, 5, 1464117883, 1466709883, 0, '后台发放'),
(357, 345, 5, 1464117883, 1466709883, 0, '后台发放'),
(358, 346, 5, 1464117883, 1466709883, 0, '后台发放'),
(359, 359, 5, 1471930648, 1474522648, 0, '后台发放'),
(360, 68, 5, 1472699026, 1475291026, 0, '后台发放'),
(361, 68, 6, 1472699083, 1477883083, 1, '后台发放'),
(362, 67, 6, 1472699083, 1477883083, 1, '后台发放'),
(363, 347, 6, 1472699083, 1477883083, 0, '后台发放'),
(364, 357, 6, 1472699083, 1477883083, 0, '后台发放'),
(365, 349, 6, 1472699083, 1477883083, 0, '后台发放'),
(366, 350, 6, 1472699083, 1477883083, 0, '后台发放'),
(367, 351, 6, 1472699083, 1477883083, 0, '后台发放'),
(368, 352, 6, 1472699083, 1477883083, 0, '后台发放'),
(369, 353, 6, 1472699083, 1477883083, 0, '后台发放'),
(370, 354, 6, 1472699083, 1477883083, 0, '后台发放'),
(371, 355, 6, 1472699083, 1477883083, 0, '后台发放'),
(372, 356, 6, 1472699083, 1477883083, 0, '后台发放'),
(373, 358, 6, 1472699083, 1477883083, 0, '后台发放'),
(374, 359, 6, 1472699083, 1477883083, 0, '后台发放'),
(375, 360, 6, 1472699083, 1477883083, 0, '后台发放'),
(376, 361, 6, 1472699083, 1477883083, 0, '后台发放'),
(377, 362, 6, 1472699083, 1477883083, 0, '后台发放'),
(378, 363, 6, 1472699083, 1477883083, 0, '后台发放'),
(379, 364, 6, 1472699083, 1477883083, 0, '后台发放'),
(380, 365, 6, 1472699083, 1477883083, 0, '后台发放'),
(381, 366, 6, 1472699083, 1477883083, 0, '后台发放'),
(382, 367, 6, 1472699083, 1477883083, 0, '后台发放'),
(383, 368, 6, 1472699083, 1477883083, 0, '后台发放'),
(384, 369, 6, 1472699083, 1477883083, 0, '后台发放'),
(385, 370, 6, 1472699083, 1477883083, 0, '后台发放'),
(386, 371, 6, 1472699083, 1477883083, 0, '后台发放'),
(387, 372, 6, 1472699083, 1477883083, 0, '后台发放'),
(388, 373, 6, 1472699083, 1477883083, 0, '后台发放'),
(389, 374, 6, 1472699083, 1477883083, 0, '后台发放'),
(390, 375, 6, 1472699083, 1477883083, 0, '后台发放'),
(391, 376, 6, 1472699083, 1477883083, 0, '后台发放'),
(392, 377, 6, 1472699083, 1477883083, 0, '后台发放'),
(393, 378, 6, 1472699083, 1477883083, 0, '后台发放'),
(394, 379, 6, 1472699083, 1477883083, 0, '后台发放'),
(395, 380, 6, 1472699083, 1477883083, 0, '后台发放'),
(396, 381, 6, 1472699083, 1477883083, 0, '后台发放'),
(397, 382, 6, 1472699083, 1477883083, 0, '后台发放'),
(398, 383, 6, 1472699083, 1477883083, 0, '后台发放'),
(399, 384, 6, 1472699083, 1477883083, 0, '后台发放'),
(400, 385, 6, 1472699083, 1477883083, 0, '后台发放'),
(401, 386, 6, 1472699083, 1477883083, 0, '后台发放'),
(402, 387, 6, 1472699083, 1477883083, 0, '后台发放'),
(403, 388, 6, 1472699083, 1477883083, 0, '后台发放'),
(404, 389, 6, 1472699083, 1477883083, 0, '后台发放'),
(405, 390, 6, 1472699083, 1477883083, 0, '后台发放'),
(406, 391, 6, 1472699083, 1477883083, 0, '后台发放'),
(407, 392, 6, 1472699083, 1477883083, 0, '后台发放'),
(408, 393, 6, 1472699083, 1477883083, 0, '后台发放'),
(409, 394, 6, 1472699083, 1477883083, 0, '后台发放'),
(410, 395, 6, 1472699083, 1477883083, 0, '后台发放'),
(411, 396, 6, 1472699083, 1477883083, 0, '后台发放'),
(412, 397, 6, 1472699083, 1477883083, 0, '后台发放'),
(413, 398, 6, 1472699083, 1477883083, 0, '后台发放'),
(414, 399, 6, 1472699083, 1477883083, 0, '后台发放'),
(415, 400, 6, 1472699083, 1477883083, 0, '后台发放'),
(416, 401, 6, 1472699083, 1477883083, 0, '后台发放'),
(417, 402, 6, 1472699083, 1477883083, 0, '后台发放'),
(418, 403, 6, 1472699083, 1477883083, 0, '后台发放'),
(419, 404, 6, 1472699083, 1477883083, 0, '后台发放'),
(420, 405, 6, 1472699083, 1477883083, 0, '后台发放'),
(421, 406, 6, 1472699083, 1477883083, 0, '后台发放'),
(422, 407, 6, 1472699083, 1477883083, 0, '后台发放'),
(423, 408, 6, 1472699083, 1477883083, 0, '后台发放'),
(424, 409, 6, 1472699083, 1477883083, 0, '后台发放'),
(425, 410, 6, 1472699083, 1477883083, 0, '后台发放'),
(426, 411, 6, 1472699083, 1477883083, 0, '后台发放'),
(427, 412, 6, 1472699083, 1477883083, 0, '后台发放'),
(428, 413, 6, 1472699083, 1477883083, 0, '后台发放'),
(429, 414, 6, 1472699083, 1477883083, 0, '后台发放'),
(430, 415, 6, 1472699083, 1477883083, 0, '后台发放'),
(431, 416, 6, 1472699083, 1477883083, 0, '后台发放'),
(432, 417, 6, 1472699083, 1477883083, 0, '后台发放'),
(433, 418, 6, 1472699083, 1477883083, 0, '后台发放'),
(434, 419, 6, 1472699083, 1477883083, 0, '后台发放'),
(435, 420, 6, 1472699083, 1477883083, 0, '后台发放'),
(436, 421, 6, 1472699083, 1477883083, 0, '后台发放'),
(437, 422, 6, 1472699083, 1477883083, 0, '后台发放'),
(438, 423, 6, 1472699083, 1477883083, 0, '后台发放'),
(439, 424, 6, 1472699083, 1477883083, 0, '后台发放'),
(440, 425, 6, 1472699083, 1477883083, 0, '后台发放'),
(441, 426, 6, 1472699083, 1477883083, 0, '后台发放'),
(442, 427, 6, 1472699083, 1477883083, 0, '后台发放'),
(443, 428, 6, 1472699083, 1477883083, 0, '后台发放'),
(444, 429, 6, 1472699083, 1477883083, 0, '后台发放'),
(445, 430, 6, 1472699083, 1477883083, 0, '后台发放'),
(446, 431, 6, 1472699083, 1477883083, 0, '后台发放'),
(447, 432, 6, 1472699083, 1477883083, 0, '后台发放'),
(448, 433, 6, 1472699083, 1477883083, 0, '后台发放'),
(449, 434, 6, 1472699083, 1477883083, 0, '后台发放'),
(450, 435, 6, 1472699083, 1477883083, 0, '后台发放'),
(451, 436, 6, 1472699083, 1477883083, 0, '后台发放'),
(452, 437, 6, 1472699083, 1477883083, 0, '后台发放'),
(453, 438, 6, 1472699083, 1477883083, 0, '后台发放'),
(454, 439, 6, 1472699083, 1477883083, 0, '后台发放'),
(455, 440, 6, 1472699083, 1477883083, 0, '后台发放'),
(456, 441, 6, 1472699083, 1477883083, 0, '后台发放'),
(457, 442, 6, 1472699083, 1477883083, 0, '后台发放'),
(458, 443, 6, 1472699083, 1477883083, 0, '后台发放'),
(459, 444, 6, 1472699083, 1477883083, 0, '后台发放'),
(460, 445, 6, 1472699083, 1477883083, 0, '后台发放'),
(461, 446, 6, 1472699083, 1477883083, 0, '后台发放'),
(462, 447, 6, 1472699083, 1477883083, 0, '后台发放'),
(463, 448, 6, 1472699083, 1477883083, 0, '后台发放'),
(464, 449, 6, 1472699083, 1477883083, 0, '后台发放'),
(465, 450, 6, 1472699083, 1477883083, 0, '后台发放'),
(466, 451, 6, 1472699083, 1477883083, 0, '后台发放'),
(467, 452, 6, 1472699083, 1477883083, 0, '后台发放'),
(468, 453, 6, 1472699083, 1477883083, 0, '后台发放'),
(469, 454, 6, 1472699083, 1477883083, 0, '后台发放'),
(470, 455, 6, 1472699083, 1477883083, 0, '后台发放'),
(471, 456, 6, 1472699083, 1477883083, 0, '后台发放'),
(472, 457, 6, 1472699083, 1477883083, 0, '后台发放'),
(473, 458, 6, 1472699083, 1477883083, 0, '后台发放'),
(474, 459, 6, 1472699083, 1477883083, 0, '后台发放'),
(475, 460, 6, 1472699083, 1477883083, 0, '后台发放'),
(476, 461, 6, 1472699083, 1477883083, 0, '后台发放'),
(477, 462, 6, 1472699083, 1477883083, 0, '后台发放'),
(478, 463, 6, 1472699083, 1477883083, 0, '后台发放'),
(479, 464, 6, 1472699083, 1477883083, 0, '后台发放'),
(480, 465, 6, 1472699083, 1477883083, 0, '后台发放'),
(481, 466, 6, 1472699083, 1477883083, 0, '后台发放'),
(482, 467, 6, 1472699083, 1477883083, 0, '后台发放'),
(483, 468, 6, 1472699083, 1477883083, 0, '后台发放'),
(484, 469, 6, 1472699083, 1477883083, 0, '后台发放'),
(485, 470, 6, 1472699083, 1477883083, 0, '后台发放'),
(486, 471, 6, 1472699083, 1477883083, 0, '后台发放'),
(487, 472, 6, 1472699083, 1477883083, 0, '后台发放'),
(488, 473, 6, 1472699083, 1477883083, 0, '后台发放'),
(489, 474, 6, 1472699083, 1477883083, 0, '后台发放'),
(490, 475, 6, 1472699083, 1477883083, 0, '后台发放'),
(491, 476, 6, 1472699083, 1477883083, 0, '后台发放'),
(492, 477, 6, 1472699083, 1477883083, 0, '后台发放'),
(493, 478, 6, 1472699083, 1477883083, 0, '后台发放'),
(494, 479, 6, 1472699083, 1477883083, 0, '后台发放'),
(495, 480, 6, 1472699083, 1477883083, 0, '后台发放'),
(496, 481, 6, 1472699083, 1477883083, 0, '后台发放'),
(497, 482, 6, 1472699083, 1477883083, 0, '后台发放'),
(498, 483, 6, 1472699083, 1477883083, 0, '后台发放'),
(499, 484, 6, 1472699083, 1477883083, 0, '后台发放'),
(500, 485, 6, 1472699083, 1477883083, 0, '后台发放'),
(501, 486, 6, 1472699083, 1477883083, 0, '后台发放'),
(502, 487, 6, 1472699083, 1477883083, 0, '后台发放'),
(503, 488, 6, 1472699083, 1477883083, 0, '后台发放'),
(504, 489, 6, 1472699083, 1477883083, 0, '后台发放'),
(505, 490, 6, 1472699083, 1477883083, 0, '后台发放'),
(506, 491, 6, 1472699083, 1477883083, 0, '后台发放'),
(507, 492, 6, 1472699083, 1477883083, 0, '后台发放'),
(508, 493, 6, 1472699083, 1477883083, 0, '后台发放'),
(509, 494, 6, 1472699083, 1477883083, 0, '后台发放'),
(510, 495, 6, 1472699083, 1477883083, 0, '后台发放'),
(511, 496, 6, 1472699083, 1477883083, 0, '后台发放'),
(512, 497, 6, 1472699083, 1477883083, 0, '后台发放'),
(513, 498, 6, 1472699083, 1477883083, 0, '后台发放'),
(514, 499, 6, 1472699083, 1477883083, 0, '后台发放'),
(515, 500, 6, 1472699083, 1477883083, 0, '后台发放'),
(516, 501, 6, 1472699083, 1477883083, 0, '后台发放'),
(517, 502, 6, 1472699083, 1477883083, 0, '后台发放'),
(518, 503, 6, 1472699083, 1477883083, 0, '后台发放'),
(519, 504, 6, 1472699083, 1477883083, 0, '后台发放'),
(520, 505, 6, 1472699083, 1477883083, 0, '后台发放'),
(521, 506, 6, 1472699083, 1477883083, 0, '后台发放'),
(522, 507, 6, 1472699083, 1477883083, 0, '后台发放'),
(523, 508, 6, 1472699083, 1477883083, 0, '后台发放'),
(524, 509, 6, 1472699083, 1477883083, 0, '后台发放'),
(525, 510, 6, 1472699083, 1477883083, 0, '后台发放'),
(526, 511, 6, 1472699083, 1477883083, 0, '后台发放'),
(527, 512, 6, 1472699083, 1477883083, 0, '后台发放'),
(528, 513, 6, 1472699083, 1477883083, 0, '后台发放'),
(529, 514, 6, 1472699083, 1477883083, 0, '后台发放'),
(530, 515, 6, 1472699083, 1477883083, 0, '后台发放'),
(531, 516, 6, 1472699083, 1477883083, 0, '后台发放'),
(532, 517, 6, 1472699083, 1477883083, 0, '后台发放'),
(533, 518, 6, 1472699083, 1477883083, 0, '后台发放'),
(534, 519, 6, 1472699083, 1477883083, 0, '后台发放'),
(535, 520, 6, 1472699083, 1477883083, 0, '后台发放'),
(536, 521, 6, 1472699083, 1477883083, 0, '后台发放'),
(537, 522, 6, 1472699083, 1477883083, 0, '后台发放'),
(538, 523, 6, 1472699083, 1477883083, 0, '后台发放'),
(539, 524, 6, 1472699083, 1477883083, 0, '后台发放'),
(540, 525, 6, 1472699083, 1477883083, 0, '后台发放'),
(541, 526, 6, 1472699083, 1477883083, 0, '后台发放'),
(542, 527, 6, 1472699083, 1477883083, 0, '后台发放'),
(543, 528, 6, 1472699083, 1477883083, 0, '后台发放'),
(544, 529, 6, 1472699083, 1477883083, 0, '后台发放'),
(545, 530, 6, 1472699083, 1477883083, 0, '后台发放'),
(546, 531, 6, 1472699083, 1477883083, 0, '后台发放'),
(547, 532, 6, 1472699083, 1477883083, 0, '后台发放'),
(548, 533, 6, 1472699083, 1477883083, 0, '后台发放'),
(549, 534, 6, 1472699083, 1477883083, 0, '后台发放'),
(550, 535, 6, 1472699083, 1477883083, 0, '后台发放'),
(551, 536, 6, 1472699083, 1477883083, 0, '后台发放'),
(552, 537, 6, 1472699083, 1477883083, 0, '后台发放'),
(553, 538, 6, 1472699083, 1477883083, 0, '后台发放'),
(554, 539, 6, 1472699083, 1477883083, 0, '后台发放'),
(555, 540, 6, 1472699083, 1477883083, 0, '后台发放'),
(556, 541, 6, 1472699083, 1477883083, 0, '后台发放'),
(557, 542, 6, 1472699083, 1477883083, 0, '后台发放'),
(558, 543, 6, 1472699083, 1477883083, 0, '后台发放'),
(559, 544, 6, 1472699083, 1477883083, 0, '后台发放'),
(560, 545, 6, 1472699083, 1477883083, 0, '后台发放'),
(561, 546, 6, 1472699083, 1477883083, 0, '后台发放'),
(562, 547, 6, 1472699083, 1477883083, 0, '后台发放'),
(563, 548, 6, 1472699083, 1477883083, 0, '后台发放'),
(564, 549, 6, 1472699083, 1477883083, 0, '后台发放'),
(565, 550, 6, 1472699083, 1477883083, 0, '后台发放'),
(566, 551, 6, 1472699083, 1477883083, 0, '后台发放'),
(567, 552, 6, 1472699083, 1477883083, 0, '后台发放'),
(568, 553, 6, 1472699083, 1477883083, 0, '后台发放'),
(569, 554, 6, 1472699083, 1477883083, 0, '后台发放'),
(570, 555, 6, 1472699083, 1477883083, 0, '后台发放'),
(571, 556, 6, 1472699083, 1477883083, 0, '后台发放'),
(572, 557, 6, 1472699083, 1477883083, 0, '后台发放'),
(573, 558, 6, 1472699083, 1477883083, 0, '后台发放'),
(574, 559, 6, 1472699083, 1477883083, 0, '后台发放'),
(575, 560, 6, 1472699083, 1477883083, 0, '后台发放');

-- --------------------------------------------------------

--
-- 表的结构 `wp_journal`
--

CREATE TABLE IF NOT EXISTS `wp_journal` (
  `id` int(11) NOT NULL AUTO_INCREMENT,
  `jno` varchar(255) NOT NULL COMMENT '日志编号',
  `uid` int(11) DEFAULT NULL,
  `jtype` varchar(255) DEFAULT NULL COMMENT '操作类型，建仓，平仓',
  `jtime` int(20) DEFAULT NULL COMMENT '操作时间',
  `jincome` double(255,2) DEFAULT NULL COMMENT '收支金额',
  `number` int(11) DEFAULT NULL COMMENT '手数',
  `remarks` varchar(255) DEFAULT NULL COMMENT '备注：',
  `balance` double(255,2) DEFAULT NULL COMMENT '记录当时用户余额',
  `jstate` int(11) DEFAULT NULL COMMENT '0亏损，1盈利',
  `jusername` varchar(20) DEFAULT NULL COMMENT '用户名',
  `jostyle` int(11) DEFAULT NULL COMMENT '0涨，1跌',
  `juprice` double(11,2) DEFAULT NULL COMMENT '产品单价',
  `jfee` double(11,1) DEFAULT NULL COMMENT '手续费',
  `jbuyprice` double(11,2) DEFAULT NULL COMMENT '进仓价',
  `jsellprice` double(11,2) DEFAULT NULL COMMENT '平仓价',
  `jaccess` double(11,2) DEFAULT NULL COMMENT '出入金额',
  `jploss` double(11,2) DEFAULT NULL COMMENT '盈亏金额',
  `oid` int(10) DEFAULT NULL COMMENT '订单id',
  PRIMARY KEY (`id`)
) ENGINE=MyISAM  DEFAULT CHARSET=utf8 AUTO_INCREMENT=211 ;

--
-- 转存表中的数据 `wp_journal`
--

INSERT INTO `wp_journal` (`id`, `jno`, `uid`, `jtype`, `jtime`, `jincome`, `number`, `remarks`, `balance`, `jstate`, `jusername`, `jostyle`, `juprice`, `jfee`, `jbuyprice`, `jsellprice`, `jaccess`, `jploss`, `oid`) VALUES
(192, '1464316301100', 67, '建仓', 1464316301, 8.00, 1, '0.1t油', 10000919165.20, 0, 'test1234', 0, 8.00, 0.6, 322.28, NULL, -8.60, NULL, 365),
(193, '1471932665575', 359, '建仓', 1471932665, 8.00, 1, '0.1t油', 9991.40, 0, 'yf', 1, 8.00, 0.6, 42.60, NULL, -8.60, NULL, 366),
(194, '1471932677531', 359, '建仓', 1471932677, 80.00, 1, '1t铜', 9905.40, 0, 'yf', 0, 80.00, 6.0, 31875.00, NULL, -86.00, NULL, 367),
(195, '1471933007102', 359, '平仓', 1471933007, 8.00, 1, '0.1t油', 9913.40, 0, 'yf', 1, 8.00, 0.6, 42.60, 42.60, 8.00, 0.00, 366),
(196, '1471933779515', 359, '建仓', 1471933779, 8.00, 1, '0.1t油', 9904.80, 0, 'yf', 1, 8.00, 0.6, 42.60, NULL, -8.60, NULL, 368),
(197, '1471947217495', 359, '平仓', 1471947217, 80.00, 1, '1t铜', 9984.80, 0, 'yf', 0, 80.00, 6.0, 31875.00, 31875.00, 80.00, 0.00, 367),
(198, '1471947270541', 359, '平仓', 1471947270, 8.00, 1, '0.1t油', 9992.80, 0, 'yf', 1, 8.00, 0.6, 42.60, 42.60, 8.00, 0.00, 368),
(199, '1471964948521', 360, '建仓', 1471964948, 80.00, 1, '1t铜', 9914.00, 0, '新田源码论坛', 0, 80.00, 6.0, 31875.00, NULL, -86.00, NULL, 369),
(200, '1471965049579', 359, '建仓', 1471965049, 80.00, 1, '1000g银砖', 9906.80, 0, 'yf', 1, 80.00, 6.0, 4328.00, NULL, -86.00, NULL, 370),
(201, '1471965076524', 360, '平仓', 1471965076, 80.00, 1, '1t铜', 9994.00, 0, '新田源码论坛', 0, 80.00, 6.0, 31875.00, 31875.00, 80.00, 0.00, 369),
(202, '1471965178975', 360, '建仓', 1471965178, 240.00, 3, '1t铜', 9736.00, 0, '新田源码论坛', 0, 80.00, 18.0, 31875.00, NULL, -258.00, NULL, 371),
(203, '1471965452994', 360, '建仓', 1471965452, 800.00, 10, '1000g银砖', 8876.00, 0, '新田源码论坛', 1, 80.00, 60.0, 4328.00, NULL, -860.00, NULL, 372),
(204, '1471965558544', 360, '建仓', 1471965558, 80.00, 10, '0.1t油', 8790.00, 0, '新田源码论坛', 1, 8.00, 6.0, 42.60, NULL, -86.00, NULL, 373),
(205, '1472699206541', 68, '建仓', 1472699206, 0.00, 1, '0.1t油', 0.00, 0, 'adminwp888', 0, 0.00, 0.0, 42.60, NULL, 0.00, NULL, 374),
(206, '1472699631102', 67, '建仓', 1472699631, 0.00, 1, '0.1t油', 10000919165.20, 0, 'test1234', 0, 0.00, 0.0, 42.60, NULL, 0.00, NULL, 375),
(207, '1472699789100', 67, '平仓', 1472699789, 0.00, 1, '0.1t油', 10000919165.20, 1, 'test1234', 0, 8.00, 0.6, 42.60, 42.60, 0.00, 0.00, 375),
(208, '1472819888485', 359, '平仓', 1472819888, 80.00, 1, '1000g银砖', 9986.80, 0, 'yf', 1, 80.00, 6.0, 4328.00, 4328.00, 80.00, 0.00, 370),
(209, '1472819919102', 359, '建仓', 1472819919, 80.00, 10, '0.1t油', 9900.80, 0, 'yf', 0, 8.00, 6.0, 42.60, NULL, -86.00, NULL, 376),
(210, '1472970476995', 562, '建仓', 1472970476, 8.00, 1, '0.1t油', 9991.40, 0, 'zhangwen', 1, 8.00, 0.6, 42.60, NULL, -8.60, NULL, 377);

-- --------------------------------------------------------

--
-- 表的结构 `wp_managerinfo`
--

CREATE TABLE IF NOT EXISTS `wp_managerinfo` (
  `mid` int(11) NOT NULL AUTO_INCREMENT,
  `uid` int(11) NOT NULL,
  `poid` int(11) DEFAULT NULL COMMENT '持仓人',
  `coid` int(11) DEFAULT NULL COMMENT '平仓人',
  `mname` varchar(255) DEFAULT NULL COMMENT '法人名字',
  `brokerid` varchar(255) DEFAULT NULL COMMENT '法人代表身份证',
  `photoid` varchar(255) DEFAULT NULL COMMENT '会员资质',
  PRIMARY KEY (`mid`)
) ENGINE=MyISAM  DEFAULT CHARSET=utf8 AUTO_INCREMENT=86 ;

--
-- 转存表中的数据 `wp_managerinfo`
--

INSERT INTO `wp_managerinfo` (`mid`, `uid`, `poid`, `coid`, `mname`, `brokerid`, `photoid`) VALUES
(64, 67, NULL, NULL, '1631651', '165416545646', '2016-01-21/56a0bb4093ad5.png'),
(69, 69, NULL, NULL, '165', '165', '2016-01-21/56a0c4e5a5cc4.png'),
(70, 338, NULL, NULL, 'wifi伴侣', '440772198707132142', '2016-05-16/5739690c297fe.png'),
(71, 339, NULL, NULL, '真的wifi伴侣', '440772198612142261', '2016-05-16/57396a7a95d99.png'),
(72, 340, NULL, NULL, 'daili1', '440772199821028173', '2016-05-13/5735962bd27cc.png'),
(73, 341, NULL, NULL, NULL, '44078219920814216X', NULL),
(74, 342, NULL, NULL, 'yonghu', '44078219920814216X', '2016-05-13/57358b390a327.jpeg'),
(75, 343, NULL, NULL, NULL, '44078219920814216X', NULL),
(76, 68, NULL, NULL, '张文', '349087398749037', '2016-05-16/573969034d34c.png'),
(77, 344, NULL, NULL, 'rendaxia', '32546786543245', '2016-05-16/573973ce155e9.png'),
(78, 348, NULL, NULL, NULL, '610115199009263515', NULL),
(79, 349, NULL, NULL, NULL, '610115199009263515', NULL),
(80, 350, NULL, NULL, NULL, '610115199009263515', NULL),
(81, 351, NULL, NULL, NULL, '', NULL),
(82, 352, NULL, NULL, '123123', '123123', NULL),
(83, 359, NULL, NULL, NULL, '622625198011101418', NULL),
(84, 360, NULL, NULL, NULL, '622644198905042501', NULL),
(85, 562, NULL, NULL, NULL, '123213213', NULL);

-- --------------------------------------------------------

--
-- 表的结构 `wp_newsclass`
--

CREATE TABLE IF NOT EXISTS `wp_newsclass` (
  `fid` int(11) NOT NULL AUTO_INCREMENT,
  `fclass` varchar(255) DEFAULT NULL,
  PRIMARY KEY (`fid`)
) ENGINE=MyISAM  DEFAULT CHARSET=utf8 AUTO_INCREMENT=5 ;

--
-- 转存表中的数据 `wp_newsclass`
--

INSERT INTO `wp_newsclass` (`fid`, `fclass`) VALUES
(1, '最新资讯'),
(2, '财经要闻'),
(3, '系统公告');

-- --------------------------------------------------------

--
-- 表的结构 `wp_newsinfo`
--

CREATE TABLE IF NOT EXISTS `wp_newsinfo` (
  `nid` int(11) NOT NULL AUTO_INCREMENT,
  `ntitle` varchar(255) DEFAULT NULL COMMENT '标题',
  `ncontent` text COMMENT '内容',
  `ncover` varchar(255) DEFAULT NULL COMMENT '缩略图',
  `ncategory` int(11) DEFAULT NULL COMMENT '新闻分类id',
  `ntime` int(20) DEFAULT NULL COMMENT '发布时间',
  PRIMARY KEY (`nid`)
) ENGINE=MyISAM  DEFAULT CHARSET=utf8 AUTO_INCREMENT=9 ;

--
-- 转存表中的数据 `wp_newsinfo`
--

INSERT INTO `wp_newsinfo` (`nid`, `ntitle`, `ncontent`, `ncover`, `ncategory`, `ntime`) VALUES
(7, '习主席的“杭州时间”有多忙？ 看这个就知道了', '新华社杭州9月6日新媒体专电 G20杭州峰会圆满落幕了。虽然峰会日程只有一天半，但习近平主席的 “杭州时间”可远远不止一天半。　　杭州峰会期间，习近平主席有多忙？　　新华社记者整理了一张采访日程表。　　9月2日（星期五）　　上午11时许，杭州西湖国宾馆。&lt;span&gt;　　习近平主席同应邀来华进行工作访问并出席G20峰会的哈萨克斯坦总统&lt;a target=&quot;_blank&quot; rel=&quot;nofollow&quot; href=&quot;http://renwu.hexun.com/figure_4658.shtml&quot;&gt;纳扎尔巴耶夫&lt;/a&gt;举行会谈。&lt;/span&gt;&lt;img alt=&quot;&quot; src=&quot;http://img-xhpfm.zhongguowangshi.com/News/201609/b7a000f21f7c41b9aa2c5e6218254910.jpg@640w_1l_1c_0i_80q_1x_1e.jpg&quot;&gt;　　这是习主席在杭州的第一场公开活动。&lt;span&gt;　　来杭州前，习主席已于8月31日在&lt;a target=&quot;_blank&quot; rel=&quot;nofollow&quot; href=&quot;http://news.hexun.com/beijing/index.html&quot;&gt;北京&lt;/a&gt;会见了&lt;a target=&quot;_blank&quot; rel=&quot;nofollow&quot; href=&quot;http://news.hexun.com/canada/index.html&quot;&gt;加拿大&lt;/a&gt;总理特鲁多和&lt;a target=&quot;_blank&quot; rel=&quot;nofollow&quot; href=&quot;http://news.hexun.com/saudi/index.html&quot;&gt;沙特&lt;/a&gt;王储继承人穆罕默德。&lt;/span&gt;　　下午3时许，习近平主席又开始了繁忙的外事日程。&lt;span&gt;　　&lt;a target=&quot;_blank&quot; rel=&quot;nofollow&quot; href=&quot;http://news.hexun.com/india/index.html&quot;&gt;印度&lt;/a&gt;尼西亚总统佐科、塞内加尔总统萨勒、老挝国家主席本扬、&lt;a target=&quot;_blank&quot; rel=&quot;nofollow&quot; href=&quot;http://news.hexun.com/brazil/&quot;&gt;巴西&lt;/a&gt;总统特梅尔、&lt;a target=&quot;_blank&quot; rel=&quot;nofollow&quot; href=&quot;http://news.hexun.com/2013/singapore1/index.html&quot;&gt;新加坡&lt;/a&gt;总理&lt;a target=&quot;_blank&quot; rel=&quot;nofollow&quot; href=&quot;http://renwu.hexun.com/figure_2768.shtml&quot;&gt;李显龙&lt;/a&gt;……&lt;/span&gt;　　一场接一场的外事会见，直到天色渐暗。　　在这里要特别提醒大家：每场会见的间隔都只有短短几分钟。　　想想都累。&lt;img alt=&quot; &quot; src=&quot;http://img-xhpfm.zhongguowangshi.com/News/201609/8ee552707ffa4fbbb182431084ae0086.jpg@640w_1l_1c_0i_80q_1x_1e.jpg&quot;&gt;&lt;span&gt;　　&lt;span&gt;9月3日（&lt;a target=&quot;_blank&quot; rel=&quot;nofollow&quot; href=&quot;http://stockdata.stock.hexun.com/002291.shtml&quot;&gt;星期六&lt;/a&gt;(&lt;a target=&quot;_blank&quot; rel=&quot;nofollow&quot; href=&quot;http://stockdata.stock.hexun.com/002291.shtml&quot;&gt;002291&lt;/a&gt;,&lt;a target=&quot;_blank&quot; rel=&quot;nofollow&quot; href=&quot;http://guba.hexun.com/002291,guba.html&quot;&gt;股吧&lt;/a&gt;)）&lt;/span&gt;&lt;/span&gt;　　如果你觉得前一天的日程安排已经够忙的了，那你可能没见过更忙的。这一天，是个周六。但习主席，并没有时间休息。而是从早晨9点开始就投入紧张的工作了。&lt;img alt=&quot; &quot; src=&quot;http://img-xhpfm.zhongguowangshi.com/News/201609/88d617d7e6584744a4f5ee13525e68cf.jpg@640w_1l_1c_0i_80q_1x_1e.jpg&quot;&gt;&lt;span&gt;　　&lt;a target=&quot;_blank&quot; rel=&quot;nofollow&quot; href=&quot;http://news.hexun.com/2013/argentina/index.html&quot;&gt;阿根廷&lt;/a&gt;总统马克里、&lt;a target=&quot;_blank&quot; rel=&quot;nofollow&quot; href=&quot;http://news.hexun.com/africa/&quot;&gt;南非&lt;/a&gt;总统祖马、&lt;a target=&quot;_blank&quot; rel=&quot;nofollow&quot; href=&quot;http://news.hexun.com/turkey/index.html&quot;&gt;土耳其&lt;/a&gt;总统埃尔多安、乍得总统代比、&lt;a target=&quot;_blank&quot; rel=&quot;nofollow&quot; href=&quot;http://news.hexun.com/italy/index.html&quot;&gt;意大利&lt;/a&gt;总理伦齐......&lt;/span&gt;　　习主席用整整一个上午的时间，会见了五位与会外方领导人。　　下午可以休息休息了吗？　　不，下午还有一项重要日程——二十国集团工商峰会（B20峰会）开幕式。　　下午3点，习主席来到杭州洲际酒店，同800多名全球工商界精英见面，发表了主旨演讲。&lt;img alt=&quot;&quot; src=&quot;http://img-xhpfm.zhongguowangshi.com/News/201609/07b92520b1374a0587dc511a37860ee1.jpg@640w_1l_1c_0i_80q_1x_1e.jpg&quot;&gt;　　通过电视直播，大家都听到了习主席的重要演讲。　　这样一个重头戏结束了，是不是可以休息休息了？　　不行！&lt;span&gt;　　&lt;a target=&quot;_blank&quot; rel=&quot;nofollow&quot; href=&quot;http://renwu.hexun.com/figure_873.shtml&quot;&gt;奥巴马&lt;/a&gt;来了。&lt;/span&gt;　　从下午5点半开始，在西湖国宾馆，习主席和奥巴马有好几场活动。　　西湖国宾馆和中美关系的渊源大家都知道了吧？　　在这个具有特殊历史意义的地方，习主席和奥巴马总统　　——出席气候变化《巴黎协定》批准文书交存仪式&lt;img alt=&quot;&quot; src=&quot;http://img-xhpfm.zhongguowangshi.com/News/201609/7ec6457c98214feb905b9fafe644d9de.jpg@640w_1l_1c_0i_80q_1x_1e.jpg&quot;&gt;——举行大小范围会谈&lt;img alt=&quot;&quot; src=&quot;http://img-xhpfm.zhongguowangshi.com/News/201609/d2cfd25204fd40d79473d1c6ac2a2e95.jpg@640w_1l_1c_0i_80q_1x_1e.jpg&quot;&gt;——饭后又一起散步、茶叙&lt;img alt=&quot;10&quot; src=&quot;http://img-xhpfm.zhongguowangshi.com/News/201609/12bdd33b44b94f7c95df77876d15adfa.jpg@640w_1l_1c_0i_80q_1x_1e.jpg&quot;&gt;　　一直到10点多，都夜深人静了。　　9月4日（星期日）　　周五是11点开始周六是9点开始周日……8点就开始了！　　顺便在这里说一句，采访G20峰会的记者也都忘记了周末的概念。　　作为国家领导人，习主席更是经常没有周末时间。&lt;span&gt;　　从8时到10时许，会见了：&lt;a target=&quot;_blank&quot; rel=&quot;nofollow&quot; href=&quot;http://news.hexun.com/egypt/index.html&quot;&gt;埃及&lt;/a&gt;总统塞西、&lt;a target=&quot;_blank&quot; rel=&quot;nofollow&quot; href=&quot;http://news.hexun.com/australia/index.html&quot;&gt;澳大利亚&lt;/a&gt;总理特恩布尔、&lt;a target=&quot;_blank&quot; rel=&quot;nofollow&quot; href=&quot;http://news.hexun.com/mexico/index.html&quot;&gt;墨西哥&lt;/a&gt;总统培尼亚、印度总理&lt;a target=&quot;_blank&quot; rel=&quot;nofollow&quot; href=&quot;http://renwu.hexun.com/figure_8478.shtml&quot;&gt;莫迪&lt;/a&gt;……&lt;/span&gt;&lt;img alt=&quot;10&quot; src=&quot;http://img-xhpfm.zhongguowangshi.com/News/201609/c755c21e6db549ad8bbf9fc7eca21ab4.jpg@640w_1l_1c_0i_80q_1x_1e.jpg&quot;&gt;10点多，出席金砖国家领导人非正式会晤&lt;img alt=&quot;&quot; src=&quot;http://img-xhpfm.zhongguowangshi.com/News/201609/0642bc9f711d46a18178fabd5a795a4f.jpg@640w_1l_1c_0i_80q_1x_1e.jpg&quot;&gt;普京也来了　　中午可得好好聊聊&lt;img alt=&quot;&quot; src=&quot;http://img-xhpfm.zhongguowangshi.com/News/201609/ae29865271414d8cb6b965d0eacd8e81.jpg@640w_1l_1c_0i_80q_1x_1e.jpg&quot;&gt;吃完饭，峰会就快开始了　　下午3点，大家就在电视上看到了习主席&lt;img alt=&quot;G20G20&quot; src=&quot;http://img-xhpfm.zhongguowangshi.com/News/201609/459e08f7a63041598ffe99d270d695d0.jpg@640w_1l_1c_0i_80q_1x_1e.jpg&quot;&gt;　　在杭州国际博览中心，习主席迎接出席G20峰会的G20成员领导人、嘉宾国领导人和有关国际组织负责人，和大家一一握手，并合影留念。　　3点半，习主席宣布峰会开幕　　开幕式、第一阶段会议，开了一下午&lt;img alt=&quot;&quot; src=&quot;http://img-xhpfm.zhongguowangshi.com/News/201609/117284e4fbed41f99c59380c4d897bdf.jpg@640w_1l_1c_0i_80q_1x_1e.jpg&quot;&gt;晚上，习主席和夫人彭丽媛在西子宾馆为外方代表团团长夫妇举行了欢迎晚宴&lt;img alt=&quot;&quot; src=&quot;http://img-xhpfm.zhongguowangshi.com/News/201609/0228052b751244ca8326b086e061c1da.jpg@640w_1l_1c_0i_80q_1x_1e.jpg&quot;&gt;随后，大家乘船前往西湖岳湖，共同观看了《最忆是杭州》文艺晚会&lt;img alt=&quot;&quot; src=&quot;http://img-xhpfm.zhongguowangshi.com/News/201609/a383013515bd49eab46154515e372c09.jpg@640w_1l_1c_0i_80q_1x_1e.jpg&quot;&gt;你可能不知道的是，在晚宴和乘船的间隙，习主席还抽出时间会见了泰国总理巴育&lt;img alt=&quot;810&quot; src=&quot;http://img-xhpfm.zhongguowangshi.com/News/201609/9e4dfdb2883846a6a05dc34b3e36a462.jpg@640w_1l_1c_0i_80q_1x_1e.jpg&quot;&gt;这个周日，早晨8点到晚上10点多，习主席一直在进行公务活动　　名符其实的劳模　　9月5日（星期一）　　按照峰会议程：　　上午，要进行第二、三阶段会议　　中午，是工作午宴暨第四阶段会议　　下午，是第五阶段会议、闭幕式、记者会&lt;img alt=&quot;G20&quot; src=&quot;http://img-xhpfm.zhongguowangshi.com/News/201609/67d0f547a9b644e3b020946225f156bd.jpg@640w_1l_1c_0i_80q_1x_1e.jpg&quot;&gt;　　在世界经济增长和G20转型的关键节点，杭州峰会取得了丰硕成果，达到了预期目标。　　上午出发前往国际博览中心开会前　　从8点半开始，习主席还用大约一个小时的时间&lt;span&gt;　　在西湖国宾馆分别会见了&lt;a target=&quot;_blank&quot; rel=&quot;nofollow&quot; href=&quot;http://news.hexun.com/korea/index.html&quot;&gt;韩国&lt;/a&gt;总统&lt;a target=&quot;_blank&quot; rel=&quot;nofollow&quot; href=&quot;http://renwu.hexun.com/figure_7468.shtml&quot;&gt;朴槿惠&lt;/a&gt;、&lt;a target=&quot;_blank&quot; rel=&quot;nofollow&quot; href=&quot;http://news.hexun.com/spain/index.html&quot;&gt;西班牙&lt;/a&gt;首相拉霍伊&lt;/span&gt;　　晚上回到西湖国宾馆后&lt;span&gt;　　习主席又分别会见了&lt;a target=&quot;_blank&quot; rel=&quot;nofollow&quot; href=&quot;http://news.hexun.com/2013/japan/index.html&quot;&gt;日本&lt;/a&gt;首相&lt;a target=&quot;_blank&quot; rel=&quot;nofollow&quot; href=&quot;http://renwu.hexun.com/figure_6926.shtml&quot;&gt;安倍晋三&lt;/a&gt;、&lt;a target=&quot;_blank&quot; rel=&quot;nofollow&quot; href=&quot;http://news.hexun.com/germany/index.html&quot;&gt;德国&lt;/a&gt;总理&lt;a target=&quot;_blank&quot; rel=&quot;nofollow&quot; href=&quot;http://renwu.hexun.com/figure_1609.shtml&quot;&gt;默克尔&lt;/a&gt;、&lt;a target=&quot;_blank&quot; rel=&quot;nofollow&quot; href=&quot;http://news.hexun.com/britain/index.html&quot;&gt;英国&lt;/a&gt;首相特雷莎·梅、&lt;a target=&quot;_blank&quot; rel=&quot;nofollow&quot; href=&quot;http://news.hexun.com/france/index.html&quot;&gt;法国&lt;/a&gt;总统奥朗德&lt;/span&gt;&lt;img alt=&quot; &quot; src=&quot;http://img-xhpfm.zhongguowangshi.com/News/201609/fe0ad652599b44a9b88ab0b166ea1756.jpg@640w_1l_1c_0i_80q_1x_1e.jpg&quot;&gt;　　清风徐徐静谧的西子湖畔，习主席和外宾谈兴甚浓，依依惜别……　　夜渐渐深了。　　习主席结束了“G20杭州时间”的最后一场活动。　　最忆是杭州，何日更重游？　　40多场活动，从早到晚　　G20从杭州再出发，背后是东道主的辛劳　　一张排得满满当当的日程表　　记录下习主席的日理万机　　也记录下发展进步的中国　　走向世界舞台中央的自信与担当……　　文字：杨依军、潘洁、荣启涵&lt;span&gt;　　摄影：兰红光、姚大伟、&lt;a target=&quot;_blank&quot; rel=&quot;nofollow&quot; href=&quot;http://renwu.hexun.com/figure_1868.shtml&quot;&gt;李涛&lt;/a&gt;、庞兴雷、谢环驰、丁林、张铎&lt;/span&gt;　　来源：新华社', '2016-05-12/57340367d4eca.jpg', 1, 1476374400),
(8, '习近平:G20决心完善全球经济金融治理 提高世界经济抗风险能力', '新华社杭州9月5日电（记者王慧慧、商意盈）二十国集团领导人杭州峰会5日在杭州国际博览中心继续举行。国家主席习近平主持会议并致闭幕辞。　　在第二、三、四、五阶段会议上，各成员、嘉宾国领导人和国际组织负责人就更高效的全球经济金融治理、强劲的国际贸易和投资、包容和联动式发展等议题深入交换意见，共同讨论气候变化、难民、反恐融资、全球公共卫生等影响世界经济的其他突出问题，达成广泛共识。　　下午5时许，峰会落下帷幕。习近平在闭幕辞中指出，通过热烈而富有成果的讨论，在各方共同努力下，二十国集团领导人杭州峰会达成许多重要共识。　　第一，我们决心为世界经济指明方向，规划路径。面对当前世界经济的风险和挑战，我们要继续加强宏观政策沟通和协调，发扬同舟共济、合作共赢的伙伴精神，凝聚共识，形成合力，促进世界经济强劲、可持续、平衡、包容增长。要标本兼治，综合施策，运用好财政、货币、结构性改革等多种有效政策工具，向国际社会传递二十国集团成员共促全球经济增长的积极信号。&lt;span&gt;　　第二，我们决心创新增长方式，为世界经济注入&lt;a target=&quot;_blank&quot; rel=&quot;nofollow&quot; href=&quot;http://jingzhi.funds.hexun.com/310328.shtml&quot;&gt;新动力&lt;/a&gt;(&lt;a target=&quot;_blank&quot; rel=&quot;nofollow&quot; href=&quot;http://jingzhi.funds.hexun.com/310328.shtml&quot;&gt;310328&lt;/a&gt;,&lt;a target=&quot;_blank&quot; rel=&quot;nofollow&quot; href=&quot;http://jijinba.hexun.com/310328,jijinba.html&quot;&gt;基金吧&lt;/a&gt;)。我们一致通过了《二十国集团创新增长蓝图》，支持以科技创新为核心，带动发展理念、体制机制、商业模式等全方位、多层次、宽领域创新，推动创新成果交流共享。我们决定大力推进结构性改革，为全球增长开辟新路径，全面提升世界经济中长期增长潜力。&lt;/span&gt;　　第三，我们决心完善全球经济金融治理，提高世界经济抗风险能力。我们同意继续推动国际金融机构份额和治理结构改革，加强落实各项金融改革举措，共同维护国际金融市场稳定。我们就能源可及性、可再生能源、能效共同制定了行动计划，就继续深化反腐败合作达成多项共识。　　第四，我们决心重振国际贸易和投资这两大引擎的作用，构建开放型世界经济。我们共同制定《二十国集团全球贸易增长战略》和全球首个多边投资规则框架《二十国集团全球投资指导原则》。继续支持多边贸易体制，重申反对保护主义承诺。期待在强劲的国际贸易和投资推动下，世界经济将重新焕发活力。　　第五，我们决心推动包容和联动式发展，让二十国集团合作成果惠及全球。我们第一次把发展问题置于全球宏观政策框架突出位置，第一次就落实联合国2030年可持续发展议程制定行动计划，同意推动《巴黎协定》尽早生效，发起《二十国集团支持非洲和最不发达国家工业化倡议》和《全球基础设施互联互通联盟倡议》，将为发展中国家人民带来实实在在的好处，为全人类共同发展贡献力量。　　习近平强调，二十国集团有必要进一步从危机应对机制向长效治理机制转型，从侧重短期政策向短中长期政策并重转型。我们决心合力支持二十国集团继续聚焦世界经济面临的最突出、最重要、最紧迫的挑战，加强政策协调，完善机制建设，扎实落实成果，引领世界经济实现强劲、可持续、平衡、包容增长。　　习近平感谢各方为推动世界经济增长和二十国集团发展作出的贡献。习近平指出，在我们共同努力下，二十国集团领导人杭州峰会取得了丰硕成果，画上了圆满句号。相信此次会议将成为一个崭新起点，让二十国集团从杭州再出发。（闭幕辞全文另发）&lt;span&gt;　　2017年二十国集团主席国&lt;a target=&quot;_blank&quot; rel=&quot;nofollow&quot; href=&quot;http://news.hexun.com/germany/index.html&quot;&gt;德国&lt;/a&gt;总理&lt;a target=&quot;_blank&quot; rel=&quot;nofollow&quot; href=&quot;http://renwu.hexun.com/figure_1609.shtml&quot;&gt;默克尔&lt;/a&gt;介绍主办汉堡峰会设想和考虑。&lt;/span&gt;　　会议通过了《二十国集团领导人杭州峰会公报》。&lt;span&gt;　　&lt;a target=&quot;_blank&quot; rel=&quot;nofollow&quot; href=&quot;http://renwu.hexun.com/figure_7305.shtml&quot;&gt;王沪宁&lt;/a&gt;、&lt;a target=&quot;_blank&quot; rel=&quot;nofollow&quot; href=&quot;http://renwu.hexun.com/figure_2037.shtml&quot;&gt;汪洋&lt;/a&gt;、&lt;a target=&quot;_blank&quot; rel=&quot;nofollow&quot; href=&quot;http://renwu.hexun.com/figure_6776.shtml&quot;&gt;栗战书&lt;/a&gt;、&lt;a target=&quot;_blank&quot; rel=&quot;nofollow&quot; href=&quot;http://renwu.hexun.com/figure_307.shtml&quot;&gt;杨洁篪&lt;/a&gt;等参加有关活动。&lt;/span&gt;&lt;h1&gt;&lt;/h1&gt;', '2016-09-04/57cbb9a66805e.jpg', 1, 1472918400);

-- --------------------------------------------------------

--
-- 表的结构 `wp_order`
--

CREATE TABLE IF NOT EXISTS `wp_order` (
  `oid` int(20) NOT NULL AUTO_INCREMENT,
  `uid` int(11) NOT NULL COMMENT '商品编号',
  `pid` int(11) NOT NULL COMMENT '产品ID',
  `ostyle` int(12) NOT NULL DEFAULT '0' COMMENT '0涨 1跌，',
  `buytime` int(20) DEFAULT NULL COMMENT '建仓',
  `onumber` int(20) DEFAULT NULL COMMENT '手数',
  `selltime` int(20) DEFAULT '0' COMMENT '平仓',
  `ostaus` int(11) DEFAULT NULL COMMENT '0交易，1平仓',
  `buyprice` double(20,2) DEFAULT NULL COMMENT '入仓价',
  `sellprice` double(20,2) DEFAULT '0.00' COMMENT '平仓价',
  `endprofit` int(11) DEFAULT '0' COMMENT '止盈',
  `endloss` int(11) DEFAULT '0' COMMENT '止亏',
  `fee` double(11,1) DEFAULT NULL COMMENT '手续费',
  `eid` int(11) NOT NULL COMMENT '体验卷状态',
  `orderno` varchar(40) DEFAULT NULL COMMENT '订单编号',
  `ptitle` varchar(255) DEFAULT NULL COMMENT '商品名称',
  `commission` double(255,1) DEFAULT '0.0' COMMENT '佣金',
  `ploss` double(255,1) DEFAULT '0.0' COMMENT '盈亏',
  `display` int(11) DEFAULT '0' COMMENT '0,可查询，1不可查询',
  PRIMARY KEY (`oid`)
) ENGINE=MyISAM  DEFAULT CHARSET=utf8 AUTO_INCREMENT=378 ;

--
-- 转存表中的数据 `wp_order`
--

INSERT INTO `wp_order` (`oid`, `uid`, `pid`, `ostyle`, `buytime`, `onumber`, `selltime`, `ostaus`, `buyprice`, `sellprice`, `endprofit`, `endloss`, `fee`, `eid`, `orderno`, `ptitle`, `commission`, `ploss`, `display`) VALUES
(365, 67, 2, 0, 1464316301, 1, 1464316555, 1, 322.28, NULL, 10, 10, 0.6, 0, '1464316301100', '0.1t油', 10000919165.2, -322.3, 0),
(366, 359, 2, 1, 1471932665, 1, 1471933007, 1, 42.60, 42.60, 0, 0, 0.6, 0, '1471932665575', '0.1t油', 9913.4, 0.0, 0),
(367, 359, 8, 0, 1471932677, 1, 1471947217, 1, 31875.00, 31875.00, 0, 0, 6.0, 0, '1471932677531', '1t铜', 9984.8, 0.0, 0),
(368, 359, 2, 1, 1471933779, 1, 1471947270, 1, 42.60, 42.60, 50, 50, 0.6, 0, '1471933779515', '0.1t油', 9992.8, 0.0, 0),
(369, 360, 8, 0, 1471964948, 1, 1471965076, 1, 31875.00, 31875.00, 10, 40, 6.0, 0, '1471964948521', '1t铜', 9994.0, 0.0, 0),
(370, 359, 5, 1, 1471965049, 1, 1472819888, 1, 4328.00, 4328.00, 10, 20, 6.0, 0, '1471965049579', '1000g银砖', 9986.8, 0.0, 0),
(371, 360, 8, 0, 1471965178, 3, 0, 0, 31875.00, 0.00, 50, 10, 18.0, 0, '1471965178975', '1t铜', 9736.0, 0.0, 0),
(372, 360, 5, 1, 1471965452, 10, 0, 0, 4328.00, 0.00, 50, 10, 60.0, 0, '1471965452994', '1000g银砖', 8876.0, 0.0, 0),
(373, 360, 2, 1, 1471965558, 10, 0, 0, 42.60, 0.00, 0, 0, 6.0, 0, '1471965558544', '0.1t油', 8790.0, 0.0, 0),
(374, 68, 2, 0, 1472699206, 1, 0, 0, 42.60, 0.00, 0, 0, 0.0, 1, '1472699206541', '0.1t油', 0.0, 0.0, 0),
(375, 67, 2, 0, 1472699631, 1, 1472699789, 1, 42.60, 42.60, 10, 20, 0.6, 1, '1472699631102', '0.1t油', 10000919165.2, 0.0, 0),
(376, 359, 2, 0, 1472819919, 10, 0, 0, 42.60, 0.00, 0, 0, 6.0, 0, '1472819919102', '0.1t油', 9900.8, 0.0, 0),
(377, 562, 2, 1, 1472970476, 1, 0, 0, 42.60, 0.00, 30, 30, 0.6, 0, '1472970476995', '0.1t油', 9991.4, 0.0, 0);

-- --------------------------------------------------------

--
-- 表的结构 `wp_productinfo`
--

CREATE TABLE IF NOT EXISTS `wp_productinfo` (
  `pid` int(11) NOT NULL AUTO_INCREMENT,
  `ptitle` varchar(255) DEFAULT NULL COMMENT '标题',
  `cid` int(11) DEFAULT NULL COMMENT '产品分类id',
  `uprice` double DEFAULT NULL,
  `feeprice` double DEFAULT NULL,
  `wave` double DEFAULT NULL COMMENT '产品波动',
  `company` varchar(255) DEFAULT NULL COMMENT '单位',
  `patx` double(11,0) DEFAULT '0' COMMENT '点差乘',
  `patj` double(11,0) DEFAULT '0' COMMENT '点差加',
  PRIMARY KEY (`pid`)
) ENGINE=MyISAM  DEFAULT CHARSET=utf8 AUTO_INCREMENT=12 ;

--
-- 转存表中的数据 `wp_productinfo`
--

INSERT INTO `wp_productinfo` (`pid`, `ptitle`, `cid`, `uprice`, `feeprice`, `wave`, `company`, `patx`, `patj`) VALUES
(1, '5t油', 1, 200, 30, 0.5, '5t', 0, 0),
(2, '0.1t油', 1, 8, 0.6, 1, '0.1t', 0, 0),
(3, '1t油', 1, 80, 6, 1, '1t', 0, 0),
(4, '5000g银砖', 2, 200, 30, 5, '5000g', 0, 0),
(5, '1000g银砖', 2, 80, 6, 1, '1000g', 0, 0),
(6, '100g银砖', 2, 8, 0.6, 0.1, '100g', 0, 0),
(7, '5t铜', 3, 200, 30, 10, '5t', 0, 0),
(8, '1t铜', 3, 80, 6, 2, '1t', 0, 0),
(11, '1t大米', 5, 100, 2, 0, 't', 0, 0);

-- --------------------------------------------------------

--
-- 表的结构 `wp_userinfo`
--

CREATE TABLE IF NOT EXISTS `wp_userinfo` (
  `uid` int(11) NOT NULL AUTO_INCREMENT,
  `username` varchar(50) NOT NULL,
  `upwd` varchar(50) DEFAULT NULL,
  `utel` varchar(50) DEFAULT NULL,
  `utime` int(20) DEFAULT NULL COMMENT '注册时间',
  `agenttype` int(20) DEFAULT '0' COMMENT '0普通客户，1申请经纪人中，2经纪人',
  `otype` int(11) NOT NULL DEFAULT '0' COMMENT '0普通会员，2会员单位，1经纪人,3超级管理员',
  `ustatus` int(11) NOT NULL DEFAULT '0' COMMENT '0正常状态，1冻结状态，',
  `oid` int(11) DEFAULT NULL COMMENT '上线字段',
  `address` varchar(255) DEFAULT NULL COMMENT '地址',
  `portrait` varchar(255) DEFAULT NULL COMMENT '头像',
  `lastlog` int(20) DEFAULT NULL COMMENT '最后登录时间',
  `managername` varchar(255) DEFAULT NULL COMMENT '上线用户名',
  `comname` varchar(120) DEFAULT NULL COMMENT '公司名称',
  `comqua` varchar(50) DEFAULT NULL COMMENT '公司资质',
  `rebate` varchar(11) DEFAULT NULL COMMENT '返点',
  `feerebate` varchar(11) DEFAULT NULL COMMENT '手续费返点',
  `usertype` int(11) DEFAULT '0' COMMENT '0不是微信用户。1是微信用户',
  `wxtype` int(11) DEFAULT '0' COMMENT '1表示微信还没注册，0微信已注册成会员。',
  `openid` varchar(50) NOT NULL COMMENT '存微信用户的id',
  `nickname` varchar(255) DEFAULT NULL COMMENT '用户昵称',
  PRIMARY KEY (`uid`)
) ENGINE=MyISAM  DEFAULT CHARSET=utf8 AUTO_INCREMENT=669 ;

--
-- 转存表中的数据 `wp_userinfo`
--

INSERT INTO `wp_userinfo` (`uid`, `username`, `upwd`, `utel`, `utime`, `agenttype`, `otype`, `ustatus`, `oid`, `address`, `portrait`, `lastlog`, `managername`, `comname`, `comqua`, `rebate`, `feerebate`, `usertype`, `wxtype`, `openid`, `nickname`) VALUES
(68, 'wpadmin', 'bdb3f12bcaf7d5bce2310aba95164e29', '18971094689', 1450147120, 2, 3, 0, 0, NULL, '', 1474626530, '', NULL, NULL, NULL, NULL, 0, 0, '', NULL),
(390, 'test', '1d271744691c33ab8ce82e4893b6d4c3', '18971094588', 1476449805, 0, 0, 0, 0, NULL, NULL, 1476449813, NULL, NULL, NULL, NULL, NULL, 0, 0, '', NULL),
(391, 'Cknuc1476449937', NULL, NULL, 1438398560, 0, 0, 0, NULL, '中国浙江金华', 'http://wx.qlogo.cn/mmopen/qsib5Tb1bC7Ouqxtiaytwndca200VJO0oYc8unl5GleW6mbicX2wicprl44drZe9DPV7nss4knicCoovu3In82iaJicEg/0', NULL, NULL, NULL, NULL, NULL, NULL, 1, 1, 'omj0ZuAW8APdetL0TYgVqhbCknuc', '杨红光'),
(353, 'jz4xg1473588994', NULL, NULL, 1473263044, 0, 0, 0, NULL, '中国陕西榆林', 'http://wx.qlogo.cn/mmopen/BfRL3E0G1pdfXFu9BHea3UA91tTgEGl5bmcvsSXjntymLYwaR4sYTUichiaUhlVbXhv8d9PgftaAvShtPibc1hm3Q/0', NULL, NULL, NULL, NULL, NULL, NULL, 1, 1, 'oLNPTw0DS2fZh1mrOAO1iHyjz4xg', 'debuger'),
(393, '69Ei81476449937', NULL, NULL, 1474958140, 0, 0, 0, NULL, '也门', 'http://wx.qlogo.cn/mmopen/wcib2GksmGOleCJx0kehodfslf9GPGQceR7DZSVpLKDicX2NG4GzfbCCq5BDbIjFzxTduPJLialBkfRfe0PlcGBau5XCc0gLYT3/0', NULL, NULL, NULL, NULL, NULL, NULL, 1, 1, 'omj0ZuGyQo0pboI4PZ-7Tp169Ei8', '朱大龙'),
(354, 'YfrX01473588994', NULL, NULL, 1473262899, 0, 0, 0, NULL, '中国广东深圳', 'http://wx.qlogo.cn/mmopen/F0m3L3rpRGib9q412DcxE7nYSAjXtUhvW6uWgibFFZkN0REOib21x9Qicl3tdNTAaeUNn1fBZPFibXxNXpx7da6ruXGlaOXiclLiaUX/0', NULL, NULL, NULL, NULL, NULL, NULL, 1, 1, 'oLNPTw8zZTjaJCPsddi7ZLxYfrX0', '专业微信开发'),
(355, 'Hs8XQ1473588994', NULL, NULL, 1473421327, 0, 0, 0, NULL, '中国陕西西安', 'http://wx.qlogo.cn/mmopen/Q3auHgzwzM7Gkicw0hhdAkHiaMKmnxypwRnrUL4rkoiceWEyNl8ueFibziazNMfZZnwRveSC6tWhJBbkrR63mePjo8nKoH3oLGGZlhCz6fwWB2Z8/0', NULL, NULL, NULL, NULL, NULL, NULL, 1, 1, 'oLNPTw84A1RYtKD1Con8BqSHs8XQ', '西安·速8酒店(北三环大明宫店)'),
(392, 'LOZZQ1476449937', NULL, NULL, 1472795687, 0, 0, 0, NULL, '中国浙江宁波', 'http://wx.qlogo.cn/mmopen/ajNVdqHZLLCmoPpHqdrOAm8bjUJibI1vuW51LbAHryiatKXjIic36tolc6Hy9O5geQu1ib0wRUjDef0M3ReKjZsZog/0', NULL, NULL, NULL, NULL, NULL, NULL, 1, 1, 'omj0ZuLJ7B86Wu73IRbUzABLOZZQ', '贝尔'),
(357, 'av7og1474601846', NULL, NULL, 1465284111, 0, 0, 0, NULL, '中国湖北武汉', 'http://wx.qlogo.cn/mmopen/ajNVdqHZLLDcrE1cSFolthfIoe3C4AqoCSfEGxeDYhgaww3UzHXqbvpYGjUwYKsOKN17picjT0dhnSdibB7Us0XQ/0', NULL, NULL, NULL, NULL, NULL, NULL, 1, 1, 'ogU6ZwBq1yQVmkVTQyaWkNDav7og', 'COTB'),
(358, 'myZHY1474601846', NULL, NULL, 1467908356, 0, 0, 0, NULL, '中国广西梧州', 'http://wx.qlogo.cn/mmopen/mVdljDQ8HkBmV6iaqVibibVIl9b2sRdDHC11SKz6SWRJiaNfibqXW1t0eUaSubuRbwm2ib0t7lN4eBicbcKGbhib5zpQpC41nCKDld2k/0', NULL, NULL, NULL, NULL, NULL, NULL, 1, 1, 'ogU6ZwBCPIE35Jpq6QrcHAmmyZHY', ' 卢沛荣沃'),
(359, 'QcHDs1474601846', NULL, NULL, 1473167809, 0, 0, 0, NULL, '中国广东广州', 'http://wx.qlogo.cn/mmopen/mVdljDQ8HkBt5vYiaSvsBFibfcbYntynmLH1Nt1a7dNGLRH6Vz70U3icSKiaM4dicEhM7TAREHJXEwUvUyyHZ8icuPTia1decbUPUMA/0', NULL, NULL, NULL, NULL, NULL, NULL, 1, 1, 'ogU6ZwAxX4qW7r9msgzAgrrQcHDs', '叶枫'),
(360, 'HGcFI1474601847', NULL, NULL, 1472460383, 0, 0, 0, NULL, '中国广东深圳', 'http://wx.qlogo.cn/mmopen/CGFfxWMtlyaPovKbUUcChQPmdRlLPpribOLR35fy9KrflASr74grZ061ltT6nytPydFgE9xvSicmKf4FEEUhRuR2A2smhYGnIN/0', NULL, NULL, NULL, NULL, NULL, NULL, 1, 1, 'ogU6ZwKndZWA5DQoifJ9by3HGcFI', '雄鹰飛舞'),
(361, 'DbukY1474601847', NULL, NULL, 1472143110, 0, 0, 0, NULL, '', 'http://wx.qlogo.cn/mmopen/iaRiatZI0duy3CibiaViceNia02ZCZWub0qwv6kt9ibJicA1ggibdia55phOLNiaqiaWPrvibLQldhkEhRlV6CodNJmXYCib3GT7WHTp6bqajj/0', NULL, NULL, NULL, NULL, NULL, NULL, 1, 1, 'ogU6ZwEtpp7FoiIMjoXLCe7DbukY', '高天'),
(362, 'gpU_U1474601847', NULL, NULL, 1463591010, 0, 0, 0, NULL, '中国北京丰台', 'http://wx.qlogo.cn/mmopen/XGupDJjIthfItnOqBspE1KW6O0iahogwc8aUhicwLzC8FUKVCEERH9KPh7AUBSEy4j6C0aUgafqPILWlJb77KJLA/0', NULL, NULL, NULL, NULL, NULL, NULL, 1, 1, 'ogU6ZwCgIwqkHBc3b-SHs9igpU_U', '卧龙'),
(363, '3yJ8Q1474601848', NULL, NULL, 1467961755, 0, 0, 0, NULL, '中国北京朝阳', 'http://wx.qlogo.cn/mmopen/PiajxSqBRaEIQK30T6UAb05Mgbe0lM6Gmgc2VX8fIXuNQsUADCamwfD4bZAoUx2QkgRcqFg2MEicQB5HXiaOoSMkA/0', NULL, NULL, NULL, NULL, NULL, NULL, 1, 1, 'ogU6ZwLCQ7T1jVPjooFwhj13yJ8Q', '彭志强'),
(364, 'BwLyo1474601848', NULL, NULL, 1466557586, 0, 0, 0, NULL, '中国浙江温州', 'http://wx.qlogo.cn/mmopen/PiajxSqBRaEIgAHMqSVqR26oxZWRtQ1BBXEwztNa6KyERAqw8XGG8GXlicaWXoIlCiaLxCGSbleUOoiaBD0v9y2JTA/0', NULL, NULL, NULL, NULL, NULL, NULL, 1, 1, 'ogU6ZwKjkeQ7KiD6h-KGuYlBwLyo', '印象罗马赵东群18968862788'),
(365, 'sBoPQ1474601848', NULL, NULL, 1472380586, 0, 0, 0, NULL, '阿尔巴尼亚', 'http://wx.qlogo.cn/mmopen/Q3auHgzwzM7icdmSATVRPfn3JHiciaGCQlIa0X4wgMibickKKnsIMIUqSEs2ibu32VcODFm8XuhMeSZricibR2gTHKJoNg/0', NULL, NULL, NULL, NULL, NULL, NULL, 1, 1, 'ogU6ZwJMDsf1EpCikZbRbglsBoPQ', 'A微笑'),
(366, 'JpoNc1474601849', NULL, NULL, 1462436644, 0, 0, 0, NULL, '中国湖北咸宁', 'http://wx.qlogo.cn/mmopen/CGFfxWMtlybl00X0gNupa5I5pSEc56YDk3U0kPkqFshJiaX3zJITAeKZfU8KibIIU0Xf2qGYvGyccCNicVyGXWUmvsiaoIiap5Jdt/0', NULL, NULL, NULL, NULL, NULL, NULL, 1, 1, 'ogU6ZwH0ciSO741dmAdxDX8JpoNc', '石头'),
(367, 'Gv3JY1474601849', NULL, NULL, 1468461029, 0, 0, 0, NULL, '中国河南驻马店', 'http://wx.qlogo.cn/mmopen/PiajxSqBRaEIY0vjRqacgicT7n7xFcnnMXSgdAxmjZSurMicp60vWZanKFGJmapKbVib4saNBQYdAjVEuoh8gIBALNkDTCsTga0HYicVkwIHzQ7o/0', NULL, NULL, NULL, NULL, NULL, NULL, 1, 1, 'ogU6ZwEL5IkkTgtCWMGb6s4Gv3JY', 'A '),
(368, 'g9Dyc1474601850', NULL, NULL, 1472821179, 0, 0, 0, NULL, '中国湖北武汉', 'http://wx.qlogo.cn/mmopen/iaRiatZI0duy11LxeqUJMQzIHQvWP0Tic9dMibUcNLI6Bic4neiad6NnbaZeVvtofeHvZaibvytPjo3y1T2rRjIGwBAh4kgMD5ibk84u/0', NULL, NULL, NULL, NULL, NULL, NULL, 1, 1, 'ogU6ZwPyDnMWUtgBPhQ-_EHg9Dyc', 'A创世今生'),
(369, '5kXpQ1474601850', NULL, NULL, 1472460374, 0, 0, 0, NULL, '中国广东广州', 'http://wx.qlogo.cn/mmopen/iaRiatZI0duy1bqZicYQUsDxIN2DNb8B7mKAohfUgnYFianklWt5bhe6PgVUffg2b4mlhyH3XGp7SJce8CNjPJibd9DTh6ppia92rF/0', NULL, NULL, NULL, NULL, NULL, NULL, 1, 1, 'ogU6ZwEUWzY8VDKECJ5IL945kXpQ', 'A.演員、'),
(370, 'NDr4M1474601850', NULL, NULL, 1465138872, 0, 0, 0, NULL, '中国湖北武汉', 'http://wx.qlogo.cn/mmopen/iaRiatZI0duy1bqZicYQUsDxIibBKiawVGMkKjRtvjZSuLib6iaywAoIA9DjWq4xQ1RWaXaEGKOOCvTME3HIrL4F8EO1WZ86fYfU32g/0', NULL, NULL, NULL, NULL, NULL, NULL, 1, 1, 'ogU6ZwBfKOXhXdvRfouRO96NDr4M', 'Sunshine'),
(371, '4shI41474601851', NULL, NULL, 1472211900, 0, 0, 0, NULL, '中国湖南长沙', 'http://wx.qlogo.cn/mmopen/iaRiatZI0duy1bqZicYQUsDxA09kViaiaD1QFhLBlbmpibqCCqInB0vvxa1giaCCZw5UDAzmZPMrOdQ4Omj7OLZQvE56nFxcx6cE0cY/0', NULL, NULL, NULL, NULL, NULL, NULL, 1, 1, 'ogU6ZwE9ZfMzRztBi2ENhtx4shI4', 'yaya'),
(372, 'tDCLE1474601851', NULL, NULL, 1472002755, 0, 0, 0, NULL, '中国山东菏泽', 'http://wx.qlogo.cn/mmopen/mVdljDQ8HkBj7uf9Iot8DBzv6fo5TcEZr4RRiamBgaCTuQwceCz6sPTw0Rk6ofAYprZQBo8oZpvZExXOkcjFLPPycn9u663FA/0', NULL, NULL, NULL, NULL, NULL, NULL, 1, 1, 'ogU6ZwKz5Mov55pzoVVNT1stDCLE', '通'),
(373, 'oDMdc1474601851', NULL, NULL, 1465622409, 0, 0, 0, NULL, '中国浙江台州', 'http://wx.qlogo.cn/mmopen/mVdljDQ8HkDbjBoMGTxRLWiaTWj8gauaia9D08YWmMJaVoxLB1unicVeVZX0CKomh4vLuyyibMdNK6m9h90WfNGzYZNbnAo969I2/0', NULL, NULL, NULL, NULL, NULL, NULL, 1, 1, 'ogU6ZwBMaBx9F6VgnZH17pGoDMdc', '周祖越'),
(374, 'hNOew1474601852', NULL, NULL, 1473655245, 0, 0, 0, NULL, '中国四川成都', 'http://wx.qlogo.cn/mmopen/mVdljDQ8HkC1oZ7FdElkCXUOXHcfKibicf2eQm3m8c6Tf4tv1slakJCCRaI4WEbuU6jhYEXqrGw74QiamPaLRUicwpBI4gG7nbuP/0', NULL, NULL, NULL, NULL, NULL, NULL, 1, 1, 'ogU6ZwH72tLdAPJ_JQO6BVmhNOew', '伏大春'),
(375, 'HlgAA1474601852', NULL, NULL, 1472175775, 0, 0, 0, NULL, '中国广东东莞', 'http://wx.qlogo.cn/mmopen/mVdljDQ8HkATr4a3JjAq8caToVSqdUsrqKFIibslO8iaGFvpOLPkHicrtEFxiaL91M5zE05GwqOodBqw1oGW9fawNdtklOuVTVSn/0', NULL, NULL, NULL, NULL, NULL, NULL, 1, 1, 'ogU6ZwD8JHs64zlmLyXOGT2HlgAA', 'A  小妞'),
(376, 'OqMqw1474601852', NULL, NULL, 1469418540, 0, 0, 0, NULL, '比利时', 'http://wx.qlogo.cn/mmopen/Q3auHgzwzM69WIicc3GTzeIuVFlibeZv6OZwCVBbyypSGic4iaiaGGnGuTxN5CdhEJUvaVFzsiaYWZibfqePTnRYkDTgyIJwDvqnzQ22JzJmicMxats/0', NULL, NULL, NULL, NULL, NULL, NULL, 1, 1, 'ogU6ZwBdDFyd6bgMloncRn0OqMqw', '一品大虾东圃店.2'),
(377, 'iob7U1474601853', NULL, NULL, 1472633468, 0, 0, 0, NULL, '中国上海松江', 'http://wx.qlogo.cn/mmopen/CGFfxWMtlyZa1PdXPXGnfjHfFM2vz9cFLQeFW9KfKZlDkAfHCm9ib5kib8L7w0u6ib4MJe7XP5TBy6hWJ3dkQyzpANurrR5ysDr/0', NULL, NULL, NULL, NULL, NULL, NULL, 1, 1, 'ogU6ZwGOBRltvW7If0y41Eoiob7U', '啊堂'),
(378, 'RL0GQ1474601853', NULL, NULL, 1467276084, 0, 0, 0, NULL, '中国北京东城', 'http://wx.qlogo.cn/mmopen/mVdljDQ8HkBj7uf9Iot8DAvn6gDtP8icHCF2L4Uthdj09PiabqqM118wapzYzMUWy6nve3Rhvk3joooc8SXw9ibzULiaLwhz6HT0/0', NULL, NULL, NULL, NULL, NULL, NULL, 1, 1, 'ogU6ZwL9_1LVN9ReR9B6aHWRL0GQ', '张占国'),
(379, 'q39eM1474601853', NULL, NULL, 1472525204, 0, 0, 0, NULL, '中国浙江杭州', 'http://wx.qlogo.cn/mmopen/mVdljDQ8HkCEuOdsxofsXBZz3aTHsZCX6jY09PYsib0na7Pk4CmVgnGEvk9J5VpgahkPSXe9h1AqdeBAb91Q2FrObxaHqbGAF/0', NULL, NULL, NULL, NULL, NULL, NULL, 1, 1, 'ogU6ZwHudNjM63A8Ol6Xh7uq39eM', '小顽童15'),
(380, 'UhuaI1474601854', NULL, NULL, 1467276033, 0, 0, 0, NULL, '中国北京海淀', 'http://wx.qlogo.cn/mmopen/UDa9R1yl9Ua9JlrV3W8f8oNdhGC1qou95KIb0OKicvYv0AobMsmNKa4LcAW3jZCA6vxuPPia3QyZicZPfbrJ3KqibOwJPqlhyN7V/0', NULL, NULL, NULL, NULL, NULL, NULL, 1, 1, 'ogU6ZwNiZgUt-8eLY3120hIUhuaI', '在路上'),
(381, 'U54Hk1474601854', NULL, NULL, 1464053043, 0, 0, 0, NULL, '中国湖北武汉', 'http://wx.qlogo.cn/mmopen/mVdljDQ8HkBj7uf9Iot8DOWb9gibbFNknjo3bBTYSibvToduytHJ3IJq1ibZaJon70y5tEia0gUGUAJhxOJjNU8kF1b3jiachicga4/0', NULL, NULL, NULL, NULL, NULL, NULL, 1, 1, 'ogU6ZwB--uSol_dTBSgWk-_U54Hk', 'JM'),
(382, 's5H341474601854', NULL, NULL, 1472544371, 0, 0, 0, NULL, '中国广东广州', 'http://wx.qlogo.cn/mmopen/Q3auHgzwzM7LudEsEU90QZiagRIGDCPEzSqlicJ03F0X7qXzROC9NVWsRTFQSAtNaBWWbicU6PDa9gx3CkqiceE7PkJFdB5zDH25Ij3enyrTBT0/0', NULL, NULL, NULL, NULL, NULL, NULL, 1, 1, 'ogU6ZwC83dCQZqiGOtG27lQs5H34', '兰色姿恋厂商'),
(383, 'FTbWo1474601855', NULL, NULL, 1472202171, 0, 0, 0, NULL, '中国湖北武汉', 'http://wx.qlogo.cn/mmopen/mVdljDQ8HkBj7uf9Iot8DPXHq8czZSdSnty59yR8W5ib4qvLdvFaK9kdR5j6mW4PlrS0oxXJh5CZQVRc7Bq5yia7CnKcGNViapg/0', NULL, NULL, NULL, NULL, NULL, NULL, 1, 1, 'ogU6ZwMG4ADyyVWQJuk_byHFTbWo', '创世'),
(384, 'mnlQg1474601855', NULL, NULL, 1465137635, 0, 0, 0, NULL, '中国湖北咸宁', 'http://wx.qlogo.cn/mmopen/CGFfxWMtlybl00X0gNupa6FoSMWKq39J1IbntWgJ0Hkd64xuxt4dmBicB0iaSwibsWzkVTMicMic9V1iauVf3b9TuwjlWZLfKe8dAu/0', NULL, NULL, NULL, NULL, NULL, NULL, 1, 1, 'ogU6ZwDHc1JTamDTYxTJ3-8mnlQg', '壹品食府艾拉'),
(385, 'Vl5tY1474601856', NULL, NULL, 1461918036, 0, 0, 0, NULL, '中国湖北荆州', 'http://wx.qlogo.cn/mmopen/iaRiatZI0duy1bqZicYQUsDxMWguQiaFRdO5IXXHMbrOv3YLx5icsgvw0V44lrLNJq6iad1YXs7M2rKDPT4jE7JkbwGWOUjILDyxcQ/0', NULL, NULL, NULL, NULL, NULL, NULL, 1, 1, 'ogU6ZwDdR_NsiemVsc_r73XVl5tY', '洛熙'),
(386, '_sKMs1474601856', NULL, NULL, 1473827670, 0, 0, 0, NULL, '中国重庆石柱', 'http://wx.qlogo.cn/mmopen/iaRiatZI0duy1bqZicYQUsDxKbtjRpXnxkVjhvMYuqCbGMKBCibGnEl8cO09oibGn7GvmNouZYry88owp25fyeicuVqGVO31yeRggR/0', NULL, NULL, NULL, NULL, NULL, NULL, 1, 1, 'ogU6ZwEQSTBJm39tuilfOiQ_sKMs', '智诚'),
(387, 'J8pqk1474601856', NULL, NULL, 1463716159, 0, 0, 0, NULL, '中国浙江杭州', 'http://wx.qlogo.cn/mmopen/mVdljDQ8HkBj7uf9Iot8DDdpLdJibwFY7MEtCoAUrkhznJgDYUSCZ0kLibsZBH1nodt51a4oBbgeLAwRIWT7dwKqT1TClFX4Yr/0', NULL, NULL, NULL, NULL, NULL, NULL, 1, 1, 'ogU6ZwKZnITR8ORZi7y5K8iJ8pqk', '吴萝莎  168'),
(388, 'wpadmin', 'abc635241', '18971094689', 1474765277, 0, 0, 1, 0, NULL, NULL, NULL, NULL, NULL, NULL, NULL, NULL, 0, 0, '', NULL),
(394, 'TI3JI1476449937', NULL, NULL, 1425355036, 0, 0, 0, NULL, '中国浙江宁波', 'http://wx.qlogo.cn/mmopen/PiajxSqBRaEIwdI6bHs8lIKtibTpNvzRPiaTyX1PxNVdgAqqOWRJ8b5YibW8RBMcW3dNu4ZlQhYTm7EO8GIjpnoSxw/0', NULL, NULL, NULL, NULL, NULL, NULL, 1, 1, 'omj0ZuCXSugN-RQ2W5nlAySTI3JI', '宁波 方叶晟'),
(395, 'Q66AI1476449937', NULL, NULL, 1415697676, 0, 0, 0, NULL, '希腊', 'http://wx.qlogo.cn/mmopen/ajNVdqHZLLBJL4I9IQClWo49VgWuLvNlIMYGs67SN0RLdQMxLpeCz0Koo4ibxBkUxK6NiaZDF5mibR1ajJGmcC1Zg/0', NULL, NULL, NULL, NULL, NULL, NULL, 1, 1, 'omj0ZuGF5qRRmqty5DTMp5tQ66AI', 'Mi.L'),
(396, 'Gk1eI1476449938', NULL, NULL, 1475027579, 0, 0, 0, NULL, '中国广东东莞', 'http://wx.qlogo.cn/mmopen/5OjFv8HupiadX6uXx1UEUKqY9J8lqBia4S590bmXAylQfGz3yicGaoW5MKEGePvgj67lSflyjiciaSeUfafGsq77bUQphw8HkO7JJ/0', NULL, NULL, NULL, NULL, NULL, NULL, 1, 1, 'omj0ZuO7_rXWAfARrUFzERtGk1eI', '天府大道'),
(397, 'gYgMQ1476449938', NULL, NULL, 1476053958, 0, 0, 0, NULL, '冰岛', 'http://wx.qlogo.cn/mmopen/wcib2GksmGOnmlEtiaMYz4nSicadliciaOVtMXlR9l569Zy9vAo9q1ssAwAibq9HfHdsbIWiasxFoNBLzEdEvEpwKzbXw/0', NULL, NULL, NULL, NULL, NULL, NULL, 1, 1, 'omj0ZuKyJN-5KgJUacS1ZZ2gYgMQ', '大王叫  我来巡山'),
(398, 'Pg1-M1476449938', NULL, NULL, 1420448567, 0, 0, 0, NULL, '中国浙江宁波', 'http://wx.qlogo.cn/mmopen/PiajxSqBRaELbwFxOn07eJBJpmuN1a5PZKBjcBLwiaPicIdeMvwTm8PESwKVxBo8X1MlfhJje4fHRCoKLGDr224BA/0', NULL, NULL, NULL, NULL, NULL, NULL, 1, 1, 'omj0ZuL87rsk1nwE08HkoxhPg1-M', 'A.sunny'),
(399, 'y5jtI1476449938', NULL, NULL, 1429600086, 0, 0, 0, NULL, '中国天津河西', 'http://wx.qlogo.cn/mmopen/ut6E27iaeZRwvBYNdME1TKajiaHxomjVm1E3hwaiaABibibUbBETMxL4eXTibO8Qoxp5yfMKHL1lIg8JcnMHSpUIG8bQ/0', NULL, NULL, NULL, NULL, NULL, NULL, 1, 1, 'omj0ZuNgayC75VJEIJmlHkWy5jtI', '乐'),
(400, 'lllZY1476449938', NULL, NULL, 1475823791, 0, 0, 0, NULL, '新西兰北远', 'http://wx.qlogo.cn/mmopen/5OjFv8HupiadX6uXx1UEUKhYLgmAkG3VF475Zm6oeyr1Z8qC5ABH3F5BFP6x6ibGQRPWickNl2pQC2nrJ0vZsMk1SQAx7LA4fsq/0', NULL, NULL, NULL, NULL, NULL, NULL, 1, 1, 'omj0ZuMD9aNx6-HaxWSjGAvlllZY', ''),
(401, 'wH_NE1476449938', NULL, NULL, 1474471276, 0, 0, 0, NULL, '中国福建福州', 'http://wx.qlogo.cn/mmopen/ajNVdqHZLLBhKo4Jp38KfOOok9TconVI65xrotla5Bzr485IUhINknr9I08JCBlgUC1L1ZwtWZD2sIV6cpToOg/0', NULL, NULL, NULL, NULL, NULL, NULL, 1, 1, 'omj0ZuCxQyZBjyhFUyo_SYXwH_NE', 'penny'),
(402, 'JhkpU1476449938', NULL, NULL, 1475919934, 0, 0, 0, NULL, '中国湖北武汉', 'http://wx.qlogo.cn/mmopen/wcib2GksmGOnd6CMJEY2cAhaTguxBWKd3vRrnnMQh7WqCzicbQmEDc5Y0C7iagOrtoU4hNibK4XewG52f1VSssyChw/0', NULL, NULL, NULL, NULL, NULL, NULL, 1, 1, 'omj0ZuHvV8vE515blirSZKmJhkpU', '土木金华创始人魏明辉'),
(403, '4HLJQ1476449938', NULL, NULL, 1427453431, 0, 0, 0, NULL, '中国天津', 'http://wx.qlogo.cn/mmopen/Q3auHgzwzM67viaVNst6xsSyaMBhibVIVW1iaEPwBvK0jhxTElzpW46s1G1Qic2kHUe2wZXYrnAQwria233fvJibCynQ/0', NULL, NULL, NULL, NULL, NULL, NULL, 1, 1, 'omj0ZuFyUKpNfn1k6tVA6dg4HLJQ', '坏小孩'),
(404, '_at601476449938', NULL, NULL, 1430121026, 0, 0, 0, NULL, '中国浙江宁波', 'http://wx.qlogo.cn/mmopen/ajNVdqHZLLDOTs7Gquk0L3hJB2ptIMElHxRhrwqg86LOmWOPPaZgWfr7bxfRvdCXeAqmZq87GeZSibGo6Xr2uIQ/0', NULL, NULL, NULL, NULL, NULL, NULL, 1, 1, 'omj0ZuIu6Dbk7glviS332T9_at60', '小夏'),
(405, 'UfAn01476449938', NULL, NULL, 1429089583, 0, 0, 0, NULL, '中国浙江宁波', 'http://wx.qlogo.cn/mmopen/ajNVdqHZLLDGV49xNQ4NynwE5q0zfLlibbwhqOP2tuicjwgC1xdCUrb3ZEEM6AVnKFiaw3EdlwVXsOOecXUSAaRew/0', NULL, NULL, NULL, NULL, NULL, NULL, 1, 1, 'omj0ZuK8zlf7vsMHz4GqE6QUfAn0', '妮妮'),
(406, '4Y6Vc1476449938', NULL, NULL, 1476334423, 0, 0, 0, NULL, '中国', 'http://wx.qlogo.cn/mmopen/ajNVdqHZLLC6zjJ3XsCSibofHdztzClwFcr653q9GVicVHjtzME2QXdSys1z8kibA2S4qoX7vglzibumf5cq3VrrPw/0', NULL, NULL, NULL, NULL, NULL, NULL, 1, 1, 'omj0ZuDgfa9VzL-5_0WHRRh4Y6Vc', '石俊峰'),
(407, '_P-yc1476449938', NULL, NULL, 1437026008, 0, 0, 0, NULL, '中国浙江宁波', 'http://wx.qlogo.cn/mmopen/Q3auHgzwzM5I23eH1tXuPTf5oAKEsWHlulnWejIEcib1ib1J4n5V736IuWIibmz51WIbZ6vzJjG0uode0prodC1uQ/0', NULL, NULL, NULL, NULL, NULL, NULL, 1, 1, 'omj0ZuFqEZcX33n4hFNeyov_P-yc', '岑高科中兰'),
(408, 'ys31c1476449938', NULL, NULL, 1421658169, 0, 0, 0, NULL, '瑞士阿尔高', 'http://wx.qlogo.cn/mmopen/ajNVdqHZLLCjO7l8cnibVDn1MrDkd6iacqYibCibsFGibwAIdsP1goNkjDadx9X5Vjx7fdsyXibZnRko2P3wNtMYwuJA/0', NULL, NULL, NULL, NULL, NULL, NULL, 1, 1, 'omj0ZuNa6QObnIG_adlSeeYys31c', '随遇而安'),
(409, 'YBfl41476449938', NULL, NULL, 1475909258, 0, 0, 0, NULL, '中国', 'http://wx.qlogo.cn/mmopen/ajNVdqHZLLAzd9Op2GwfibcXfJW2myv6BwUWwg7hdyhKMmAdibvxboicK75Opib0f3mM2frsefV98eHrKPmtZt2RibA/0', NULL, NULL, NULL, NULL, NULL, NULL, 1, 1, 'omj0ZuIBqp-v68VF4bFERvEYBfl4', '许宝风'),
(410, 'cTuGU1476449938', NULL, NULL, 1415940339, 0, 0, 0, NULL, '中国浙江宁波', 'http://wx.qlogo.cn/mmopen/ajNVdqHZLLAotsneqhB3nEIcfQp6K3uDZxK1PA3ibDHSpbBKT9Q8cCYZ8bFNAq7ic7ib6rfJHWiaicNQ7rMT8icNeIcA/0', NULL, NULL, NULL, NULL, NULL, NULL, 1, 1, 'omj0ZuDls0pNmmSIDal8dOocTuGU', '姗平'),
(411, 'AbNj41476449939', NULL, NULL, 1422260221, 0, 0, 0, NULL, '中国浙江宁波', 'http://wx.qlogo.cn/mmopen/Q3auHgzwzM7Mp5C67RGib59icZyvHILmJIUYfbT1ta0niac72zkBnjibKnlbjd0eYVAOWUT6gRvQshfa4RfWnhCk5Q/0', NULL, NULL, NULL, NULL, NULL, NULL, 1, 1, 'omj0ZuI4Q8HDMrc7dfSPioDAbNj4', '王招莹-易居厨余处理器'),
(412, 'Ng_jA1476449939', NULL, NULL, 1429142887, 0, 0, 0, NULL, '中国广东广州', 'http://wx.qlogo.cn/mmopen/ajNVdqHZLLAgtSIAxibVD5WBquibFibJ7iceTR28ibBsRk0n8l3W3YWlMJISBcuSuYxRubmDhrxzUtjB5H3kPeBQYOg/0', NULL, NULL, NULL, NULL, NULL, NULL, 1, 1, 'omj0ZuKhODYgB0bL3PM8SV1Ng_jA', 'vinson'),
(413, 'NiKtg1476449939', NULL, NULL, 1474977156, 0, 0, 0, NULL, '中国北京', 'http://wx.qlogo.cn/mmopen/ut6E27iaeZRyVvibgYtxOutWvNBp0JEtljOCYC69hX075zvwhWOlcZCZ7CbacUtkUia6YZdtpH9w2gnvotBB6qibLQ/0', NULL, NULL, NULL, NULL, NULL, NULL, 1, 1, 'omj0ZuApcdBfzT0pynY98g_NiKtg', 'owen'),
(414, '9L3vQ1476449939', NULL, NULL, 1475314533, 0, 0, 0, NULL, '中国浙江嘉兴', 'http://wx.qlogo.cn/mmopen/wcib2GksmGOmHBibwRe371nJmdonqqQPaTGBuFbEK22P6rdH6rEefytgmic6LSQIqGX0VhtN2icRCd0HSibMvSvzG0w/0', NULL, NULL, NULL, NULL, NULL, NULL, 1, 1, 'omj0ZuBu8QDV9T_hW1z9L4o9L3vQ', 'October'),
(415, 'TGQr41476449939', NULL, NULL, 1475163615, 0, 0, 0, NULL, '智利', 'http://wx.qlogo.cn/mmopen/qsib5Tb1bC7OQGeOO44dUxDeef5h7T9lSSgQ0hKCvcBM4oKQSrlIncFylKSOH4aI9Y2HyTSy3Wkyxp5UJPgu0jn8rxPlGiaf4s/0', NULL, NULL, NULL, NULL, NULL, NULL, 1, 1, 'omj0ZuIJBpfDR2R5sllwcEYTGQr4', 'Nine.  '),
(416, 'mi-DI1476449939', NULL, NULL, 1425543261, 0, 0, 0, NULL, '中国浙江宁波', 'http://wx.qlogo.cn/mmopen/wcib2GksmGOlySVq0AcFRN4a0M0pTmAvfXfoHP3RNEIHA7BjLAOjSL1A5ZibSiaAEFkVibpHrM9UZX23nF99FmBXkg/0', NULL, NULL, NULL, NULL, NULL, NULL, 1, 1, 'omj0ZuNVDKdTX73GsD0gIdJmi-DI', '饶堂元'),
(417, 'y0R1E1476449939', NULL, NULL, 1427961815, 0, 0, 0, NULL, '中国浙江宁波', 'http://wx.qlogo.cn/mmopen/qsib5Tb1bC7N1obAeRax3r8XrfG4OUFib5WygicBOF3ciaD82n8VC2ibygTWB0UzD0Ut87ialWtgulro70WXkW2p3UJw/0', NULL, NULL, NULL, NULL, NULL, NULL, 1, 1, 'omj0ZuKOQVtlXqWY7pdIkEvy0R1E', '疾风劲草'),
(418, 'Ezx_I1476449939', NULL, NULL, 1473210778, 0, 0, 0, NULL, '中国', 'http://wx.qlogo.cn/mmopen/wcib2GksmGOmtlxIphpYFOhpvjEAOsoLOD5Ly24CGZ32c6nrf4Mqnd2BYvSibw6wh3wlaoClzZCB0fjMicrpjT2Uw/0', NULL, NULL, NULL, NULL, NULL, NULL, 1, 1, 'omj0ZuOWqYYhjlbE6kkIWSQEzx_I', '梅兰竹菊'),
(419, 'EL_Rk1476449939', NULL, NULL, 1415937716, 0, 0, 0, NULL, '中国浙江宁波', 'http://wx.qlogo.cn/mmopen/wcib2GksmGOnicbZkcdcAXYkSEem1faj3pEKWPWS9hLeySiaNlqvlSdsDExl759fqdw3SM3zMx3lOZRo6F8J86WOw/0', NULL, NULL, NULL, NULL, NULL, NULL, 1, 1, 'omj0ZuCYyGJUxoTlKmzg0pAEL_Rk', '懒小窝'),
(420, '2vjrs1476449939', NULL, NULL, 1475834203, 0, 0, 0, NULL, '中国广东广州', 'http://wx.qlogo.cn/mmopen/ajNVdqHZLLBMj0HyNFgyMRPKFUsy8Qv39nEC9o4Xo5G9ACfL8mR5gwr8Lmw8r37StDYP7JzF397Qk7KsB78c22ns8hoYlA34hamnTBGqyRA/0', NULL, NULL, NULL, NULL, NULL, NULL, 1, 1, 'omj0ZuCFaiTcAnGNv4qh7qT2vjrs', 'HappyBoy'),
(421, 'w9iIc1476449939', NULL, NULL, 1447314948, 0, 0, 0, NULL, '埃及', 'http://wx.qlogo.cn/mmopen/Q3auHgzwzM4xia18D9edBRVUx0lRTK8bZHLsr0K4R6nhibIDTBTB8WWOglQvtLmBSNFvhCM1u7Ricj3ACVLBILk8tG9byyRgtzDS08ia8XFicRQw/0', NULL, NULL, NULL, NULL, NULL, NULL, 1, 1, 'omj0ZuDi3_dKuPlAiqH88uhw9iIc', 'DJ_Fox.Dead'),
(422, 'Vhgn41476449939', NULL, NULL, 1430931270, 0, 0, 0, NULL, '中国浙江宁波', 'http://wx.qlogo.cn/mmopen/ut6E27iaeZRwR7kJHYX3Ax7BBRviam3N4KlHPEicRjczzmj2olz5icLdAgl1TiaHFGecs0zmbN38uSAYswXicXv9PB8w/0', NULL, NULL, NULL, NULL, NULL, NULL, 1, 1, 'omj0ZuKpBSCDrNtuZzLmsxPVhgn4', 'a宁波强磁'),
(423, 'XcUGg1476449939', NULL, NULL, 1438479790, 0, 0, 0, NULL, '中国浙江台州', 'http://wx.qlogo.cn/mmopen/5OjFv8HupiadX6uXx1UEUKrc99ib8hCwo8iaYK4ylN55by8y90st7QUUGOyLR0KH7HibCUdLfIOXgVYIAAcw5GQQVBJFRoHic21jg/0', NULL, NULL, NULL, NULL, NULL, NULL, 1, 1, 'omj0ZuI2huyar-OYQRipbV6XcUGg', '户外家具'),
(424, '2exkc1476449939', NULL, NULL, 1476195038, 0, 0, 0, NULL, '中国江西赣州', 'http://wx.qlogo.cn/mmopen/wcib2GksmGOlWIZl2823EVibZTFAk2ZvdMxykAoW1ic9Omne6mt316vvoZ14pvWDqCkPHRL6PMmWXyO8ibR0om8MNg/0', NULL, NULL, NULL, NULL, NULL, NULL, 1, 1, 'omj0ZuIRDQbrjSaLGWvx83Q2exkc', '上上签薛'),
(425, 'PbqhI1476449939', NULL, NULL, 1434781713, 0, 0, 0, NULL, '中国浙江宁波', 'http://wx.qlogo.cn/mmopen/FmtvSyuvFk0FzMFe2ZggE6pxWOMN2IPrQFDicZnpoIUibDUpqicUzIwB8iaprtqoaQibFADzQJtsT4yvL8LBa0o5sib2DwBiacEC00f/0', NULL, NULL, NULL, NULL, NULL, NULL, 1, 1, 'omj0ZuOauvPmAQ69dierNE0PbqhI', '  杨婵'),
(426, 'lAi8k1476449940', NULL, NULL, 1434101108, 0, 0, 0, NULL, '中国浙江宁波', 'http://wx.qlogo.cn/mmopen/PiajxSqBRaEIREJ5syicEGxT8UK54aPm2WJbXVfgPYnOlhvtqBOxvvibFzlGBQjOTdP7ncPfaicJxJqGRt8WTeGAEg/0', NULL, NULL, NULL, NULL, NULL, NULL, 1, 1, 'omj0ZuPemg9PeywqsXidJt_lAi8k', '小鱼儿'),
(427, '584i81476449940', NULL, NULL, 1474735504, 0, 0, 0, NULL, '阿根廷别德马', 'http://wx.qlogo.cn/mmopen/qsib5Tb1bC7OQGeOO44dUxOT4WmLD9LicDalsBd80p64jNMQEAAstmsKaRyic6MT6RkCgMSUgG0pFVmQZxCkYC0oZvIVyFJNfaw/0', NULL, NULL, NULL, NULL, NULL, NULL, 1, 1, 'omj0ZuB6egPwtYLNvfBt-Gx584i8', 'xiaoji.name（晓鸿）'),
(428, 'UNB-81476449940', NULL, NULL, 1476084131, 0, 0, 0, NULL, '中国陕西西安', 'http://wx.qlogo.cn/mmopen/wcib2GksmGOkVzP3Uxq4tNApUrKrQMLZzbybibdxenw5Wd4LibyWqfcMZO44kJWC10NcNsTPgH2iaTjibAgWdichLZqw/0', NULL, NULL, NULL, NULL, NULL, NULL, 1, 1, 'omj0ZuGRkyplieeYDoPAOgNUNB-8', '四叶草'),
(429, 'KucQc1476449940', NULL, NULL, 1466179802, 0, 0, 0, NULL, '中国浙江宁波', 'http://wx.qlogo.cn/mmopen/5OjFv8HupiadX6uXx1UEUKrhjNtHNXANia3qJRRNkHxTLa9cfEq0J2OF1e54vDJRPSvzOILC72nzJX4gicEcs9v8kibaoUK4ibaQg/0', NULL, NULL, NULL, NULL, NULL, NULL, 1, 1, 'omj0ZuArovsGyzp8eS2idlOKucQc', '宁波市光能之星节能科技有限公司。'),
(430, 'tBRdg1476449940', NULL, NULL, 1433182565, 0, 0, 0, NULL, '中国浙江丽水', 'http://wx.qlogo.cn/mmopen/Q3auHgzwzM5Cx6uLUHibBozsT8TcicBfqzb0lPxaZrY1YvyboyblEoD4ambFCRlabKjxvxmFxSmM1xa56l59fBzQ/0', NULL, NULL, NULL, NULL, NULL, NULL, 1, 1, 'omj0ZuPOMn7tTw5-vzmg5SntBRdg', '赵素雄'),
(431, 'i5Yjc1476449940', NULL, NULL, 1476079135, 0, 0, 0, NULL, '阿拉伯联合酋长国迪拜', 'http://wx.qlogo.cn/mmopen/ut6E27iaeZRz1DEDkPQEuRF6pk5yA9EXtnBVMIZDYYv4oZHwFGfa7zKQXMgvLVueJpWPGEicdc2NGke1CjhD2OZmVPHSdsW1zH/0', NULL, NULL, NULL, NULL, NULL, NULL, 1, 1, 'omj0ZuDqMjYtjoBTEJMDd23i5Yjc', 'A彪悍'),
(432, 'DJBJc1476449940', NULL, NULL, 1455610553, 0, 0, 0, NULL, '中国浙江宁波', 'http://wx.qlogo.cn/mmopen/Q3auHgzwzM4xia18D9edBRVUx0lRTK8bZIVQRvJDaTSQiaOgGlnRVHEpYnhVZ61CsictibbSNVpsqq2bRF1Iq76eFVA2EVA8eIwulLohDWO1Ufk/0', NULL, NULL, NULL, NULL, NULL, NULL, 1, 1, 'omj0ZuI67pAXEqLjAAYhSFQDJBJc', '老马识途'),
(433, 'Hch2U1476449940', NULL, NULL, 1434698891, 0, 0, 0, NULL, '中非共和国', 'http://wx.qlogo.cn/mmopen/qsib5Tb1bC7OQGeOO44dUxHmgxHI74QAIhdp3dxhxOSetgvVAk0IQvFGF7KenhF8tU83p1q8s57cOkDvjvphe6DaL0IAe8Lak/0', NULL, NULL, NULL, NULL, NULL, NULL, 1, 1, 'omj0ZuG6sVNkzyVWcj7t97UHch2U', 'wql'),
(434, 'TXhdg1476449940', NULL, NULL, 1476171376, 0, 0, 0, NULL, '北马里亚纳群岛', 'http://wx.qlogo.cn/mmopen/ut6E27iaeZRzsIuSZKnD2LyuGDrPxeaq5xUzNxIeoUib26JHAPiaSfDrXU4sXJQMCibicIM0gKIdibjdWfALyJib54Meg/0', NULL, NULL, NULL, NULL, NULL, NULL, 1, 1, 'omj0ZuHRgAmKGm9GGo-y-pkTXhdg', '粉末'),
(435, 'pJZNc1476449940', NULL, NULL, 1433644339, 0, 0, 0, NULL, '中国浙江宁波', 'http://wx.qlogo.cn/mmopen/ajNVdqHZLLBdcIRa3myzAPua8rrjsdQYYCwaIqKXFd2cPvQIPQg7t7rCMxTaW1svFtoNkuDZcaqLy9v0D0FUiaQ/0', NULL, NULL, NULL, NULL, NULL, NULL, 1, 1, 'omj0ZuEoWduGaIB_-Zw2JOupJZNc', '余杨敏'),
(436, 'Uz0rA1476449940', NULL, NULL, 1447492118, 0, 0, 0, NULL, '中国江苏徐州', 'http://wx.qlogo.cn/mmopen/5OjFv8HupiadX6uXx1UEUKppXWmibqiaBZp3ibWgq9J84Fsj4uBn5hsK3wJx2Izok4Ir5Rsk0TC0VLKVDUJLCD2Dk3vMkPtgLXOQ/0', NULL, NULL, NULL, NULL, NULL, NULL, 1, 1, 'omj0ZuNilYqyhyS61bo49wdUz0rA', '摔倒了站起来'),
(437, 'Fr3OE1476449940', NULL, NULL, 1430877221, 0, 0, 0, NULL, '中国浙江宁波', 'http://wx.qlogo.cn/mmopen/ajNVdqHZLLDKT7yMNhcJ01xBZDP4RCoC7icOpLMmCxSvpicScia1SwumtOZuk6x2uVUoDZhq4pkmDWBcWTLZZLKvQ/0', NULL, NULL, NULL, NULL, NULL, NULL, 1, 1, 'omj0ZuERMLG5u5rTo_PiQyxFr3OE', '珠珠'),
(438, 'wSHh41476449940', NULL, NULL, 1447032401, 0, 0, 0, NULL, '中国浙江宁波', 'http://wx.qlogo.cn/mmopen/ajNVdqHZLLCYzw0FFibsiawZoibzRzmyLQs8VJxWSJM4xHlvNzkl2RdgTHncuhQEuh6icOvWJI8nooE0MRZkkjAH8w/0', NULL, NULL, NULL, NULL, NULL, NULL, 1, 1, 'omj0ZuOCUep2dQcLe0VfpBDwSHh4', '懒得起名字'),
(439, '1w49w1476449940', NULL, NULL, 1436506944, 0, 0, 0, NULL, '中国浙江宁波', 'http://wx.qlogo.cn/mmopen/ajNVdqHZLLBMj0HyNFgyMRPKFUsy8Qv3qNMvcDJ1SYyg9AiajSQ43g4VPC1ty2ht3fia4pibB2ALjR4b1JtLrXlFBW7RmhpyyHXw36hHlQcGT8/0', NULL, NULL, NULL, NULL, NULL, NULL, 1, 1, 'omj0ZuLVZ9VzhQcn1V86uxn1w49w', '让爱的味道延续'),
(440, 'hLoQ81476449941', NULL, NULL, 1476402298, 0, 0, 0, NULL, '智利', 'http://wx.qlogo.cn/mmopen/5OjFv8HupiadX6uXx1UEUKrzeiaM6LXavSTkmWpheTPySzw86xUFdvBGnLSJVuqPb1uSibKM6XPmx9bCLVUpQDEibCibAickiagLdmQ/0', NULL, NULL, NULL, NULL, NULL, NULL, 1, 1, 'omj0ZuOO_boAcH1D9SUWt-IhLoQ8', '三农网络（软件开发）'),
(441, 'UgRBQ1476449941', NULL, NULL, 1475807643, 0, 0, 0, NULL, '中国江苏常州', 'http://wx.qlogo.cn/mmopen/wcib2GksmGOnsjmgmcCwpwicEgXRo0vOibX7kQcHWMg0ghzoPIU1WTHWGCOE3gjDV6KP6ibdnAxTOdll6Ohg2pBYEg/0', NULL, NULL, NULL, NULL, NULL, NULL, 1, 1, 'omj0ZuJ2Q1RljQ0At-4-yXCUgRBQ', '王加雷'),
(442, 'u2OiU1476449941', NULL, NULL, 1420597479, 0, 0, 0, NULL, '阿尔巴尼亚', 'http://wx.qlogo.cn/mmopen/wcib2GksmGOlzfBb9txSibmib22iahQl24HOicXUia3dfsxNicP6cVRV2fASEDf9N4Det9Wlj1aGnQh98454DiaytEmPCw/0', NULL, NULL, NULL, NULL, NULL, NULL, 1, 1, 'omj0ZuFgpLSSlq9XBps2A9wu2OiU', '大辉'),
(443, 'fp2581476449941', NULL, NULL, 1427698221, 0, 0, 0, NULL, '中国浙江', 'http://wx.qlogo.cn/mmopen/ut6E27iaeZRyb6ELehqn5G8qacLXMsoPiaU96L73KX98kJV3fGrxONOZ0duWfbOxYfmL5McSKJzx6DKTrBA3rvrA/0', NULL, NULL, NULL, NULL, NULL, NULL, 1, 1, 'omj0ZuDJ-AZSbpgW7snzbWZfp258', '过客'),
(444, 'USCDY1476449941', NULL, NULL, 1436951368, 0, 0, 0, NULL, '中国浙江宁波', 'http://wx.qlogo.cn/mmopen/qsib5Tb1bC7PeOW5HV4iaJibp1cmdoxdtbsKlZC7qUb1aEiaoGtU8AicIyOt0jhVSuCwW3z45cJhicBdLhXwmGpOmblQ/0', NULL, NULL, NULL, NULL, NULL, NULL, 1, 1, 'omj0ZuNHVuKS3MR7ZwywRBrUSCDY', '王永敢'),
(445, 'j7z5E1476449941', NULL, NULL, 1438673992, 0, 0, 0, NULL, '中国浙江宁波', 'http://wx.qlogo.cn/mmopen/ajNVdqHZLLDrmzCdMq2CiaPuiaPuSUFZg6d6YryupHwJKmliaK9eGbMN9u7KwicPfJXibxiag08ibl0tbZX9h7bnicvAHA/0', NULL, NULL, NULL, NULL, NULL, NULL, 1, 1, 'omj0ZuE1-1H6reB6pZ7ZStMj7z5E', '缘份'),
(446, 'u8HdM1476449941', NULL, NULL, 1424579223, 0, 0, 0, NULL, '中国广东中山', 'http://wx.qlogo.cn/mmopen/FmtvSyuvFk0FzMFe2ZggEic2fSYb3ibJXibMu8UpfuO1EZTrMqnWEicgibicG5IgpShT6JpWvxqwmqGicgYWjgvVAp5LTJU9oJ2fhPK/0', NULL, NULL, NULL, NULL, NULL, NULL, 1, 1, 'omj0ZuNbFXnYgc9cuQRQTRBu8HdM', '过客'),
(447, '9fdw01476449941', NULL, NULL, 1467509959, 0, 0, 0, NULL, '中国浙江宁波', 'http://wx.qlogo.cn/mmopen/Q3auHgzwzM4V3ucrRvxULE81tuT6sTY6xunkPiaMd79aUJCbJOy1Q7Px0a9iaFYONdAS7c5zEy8UP5KkE2kUnxfg/0', NULL, NULL, NULL, NULL, NULL, NULL, 1, 1, 'omj0ZuMciO5CoHR95rjDuwU9fdw0', '美丽的小鸟'),
(448, 'Tek-c1476449941', NULL, NULL, 1421548026, 0, 0, 0, NULL, '中非共和国', 'http://wx.qlogo.cn/mmopen/FmtvSyuvFk0FzMFe2ZggEicOoJVxScFPRibPnMQq6M4wDIEcxBxy7qZu1iap7TsrpiaM32W8w1MbFPxne69sS95iaw1P0URjiaPacr/0', NULL, NULL, NULL, NULL, NULL, NULL, 1, 1, 'omj0ZuEc7PGgDGDaKmOQFitTek-c', '有梦你就飞'),
(449, 'wVulQ1476449941', NULL, NULL, 1476017661, 0, 0, 0, NULL, '中国澳门圣安多尼堂区', 'http://wx.qlogo.cn/mmopen/PiajxSqBRaEKIlIY5IibYr4GmMPdrGHkSXeYZk9tJaiarKgUKwBMl6Lho0NdC5f3oftMZAUMWZ6y7LEcUdK3e8MpQ/0', NULL, NULL, NULL, NULL, NULL, NULL, 1, 1, 'omj0ZuLoVuqg1WbIOnoMxQ1wVulQ', '天道酬勤'),
(450, '7DoPA1476449941', NULL, NULL, 1427938460, 0, 0, 0, NULL, '中国浙江宁波', 'http://wx.qlogo.cn/mmopen/ajNVdqHZLLAzWP7qhm3wNcvxkkiaZRwicmPjR1n2ibqbhEYGg3e8GmYaiasfGTQiawNF3JBS8yAXg8AVskv55Dwyxhw/0', NULL, NULL, NULL, NULL, NULL, NULL, 1, 1, 'omj0ZuPq_b4dIdrPiChNTHA7DoPA', '萧峰'),
(451, 'kEjHk1476449941', NULL, NULL, 1433554791, 0, 0, 0, NULL, '', 'http://wx.qlogo.cn/mmopen/PiajxSqBRaEI7RUJric7q2hJxDiaJ8PEAXB5vof45lexalMtAsrVfsWZic8xTTIgO4fiaHsrAMkFjVJvQoAnrSSGNAw/0', NULL, NULL, NULL, NULL, NULL, NULL, 1, 1, 'omj0ZuFfX5jTCBsYpqyqZhJkEjHk', '王亚娥'),
(452, 'cNLAo1476449941', NULL, NULL, 1430273350, 0, 0, 0, NULL, '中国浙江宁波', 'http://wx.qlogo.cn/mmopen/ajNVdqHZLLBFaWd2yk6UqXic8bb4IJibOy5000aPnxkcseUzb2B1OQrr3aJnbGgX6k6xRHAjhee6FxSUtFTQhzOg/0', NULL, NULL, NULL, NULL, NULL, NULL, 1, 1, 'omj0ZuJl2jdCJWBWD0_tF1lcNLAo', '龙的传人'),
(453, 'a4pk41476449941', NULL, NULL, 1426990470, 0, 0, 0, NULL, '以色列', 'http://wx.qlogo.cn/mmopen/qsib5Tb1bC7OQGeOO44dUxCBEaoobHXZQTgWrfCUUSaRfYQaRoQQ15pbEf8kzMVFKp1gbLCTeURS9fj0yfJ4mxXeSeUzyX6S2/0', NULL, NULL, NULL, NULL, NULL, NULL, 1, 1, 'omj0ZuAA4e48l8NCKSSRBEpa4pk4', ' 专挑高个打'),
(454, 'PKVIo1476449942', NULL, NULL, 1430875571, 0, 0, 0, NULL, '中国浙江宁波', 'http://wx.qlogo.cn/mmopen/wcib2GksmGOlSZickB7LouZXWRQjRfjoufcgDGvtbI1VU7u3nUWicYnCRDuicaLqxqz1wnqZGFrz2hUL5Ydo5ftRgQ/0', NULL, NULL, NULL, NULL, NULL, NULL, 1, 1, 'omj0ZuGfgTeGzVr0mBVh5vPPKVIo', '咕噜咕噜'),
(455, 'NW5sk1476449942', NULL, NULL, 1473858452, 0, 0, 0, NULL, '中国甘肃陇南', 'http://wx.qlogo.cn/mmopen/qsib5Tb1bC7OQGeOO44dUxHmp4rNJvZbQa50D99RYHspLqCJSTWicR1I8yVwhfIIzw7iaWeJhgxN94qBqictREUSRdJezM8JjIYV/0', NULL, NULL, NULL, NULL, NULL, NULL, 1, 1, 'omj0ZuA30_vamyv6rutTNHqNW5sk', '孤独浪子'),
(456, 'qWG0M1476449942', NULL, NULL, 1446615457, 0, 0, 0, NULL, '中国浙江宁波', 'http://wx.qlogo.cn/mmopen/ajNVdqHZLLCWx1vJIibdpkNNjVTGEnVCvCAD1PFdCFPJLWpa7MonITia3HpiakmWF5zhpZBnqSIEmqakUFew5FVAw/0', NULL, NULL, NULL, NULL, NULL, NULL, 1, 1, 'omj0ZuKp4I7yRBpM2Ie16ngqWG0M', '幻听'),
(457, 'dZ4sw1476449942', NULL, NULL, 1446469641, 0, 0, 0, NULL, '中国浙江宁波', 'http://wx.qlogo.cn/mmopen/qsib5Tb1bC7OQGeOO44dUxOJe8VrKkEcMBJoHw2IfQ5I8qicUMj11GySozRuHTsVy5OOoQc6xYYjIiap5xNK95uaRox5PnPuvsia/0', NULL, NULL, NULL, NULL, NULL, NULL, 1, 1, 'omj0ZuNjtZrJvoaedopsGlJdZ4sw', '非凡'),
(458, '-w4xY1476449942', NULL, NULL, 1430295182, 0, 0, 0, NULL, '安道尔', 'http://wx.qlogo.cn/mmopen/5OjFv8HupiadX6uXx1UEUKia7Dbo6Zian3wl6EicfVo3nPgwgj1kicLJ734wnVZmhk0j7Nw8Ly23fYZpZuqbeyFiaPYIz8Ut0qYFibv/0', NULL, NULL, NULL, NULL, NULL, NULL, 1, 1, 'omj0ZuJzZsgnLgmkfcw0UsP-w4xY', 'YONGOR'),
(459, 'cN-cA1476449942', NULL, NULL, 1438174569, 0, 0, 0, NULL, '中国浙江宁波', 'http://wx.qlogo.cn/mmopen/PiajxSqBRaEKE4PiaJ0PVNibS1DVia3aUvYn0xZuhMvYRPbMqnhicWDibnP4qicpwZqLLDjwmKIdGuOHCdaxxiaF1kicqNg/0', NULL, NULL, NULL, NULL, NULL, NULL, 1, 1, 'omj0ZuOROrTywXbPjL2eu1acN-cA', '嗨'),
(460, 'MQ4Ms1476449942', NULL, NULL, 1474423967, 0, 0, 0, NULL, '中国浙江宁波', 'http://wx.qlogo.cn/mmopen/ut6E27iaeZRxXaORUgc7CeASnibNTl9pd7K5MfpfcaEnsmeToCRtfj25u9oSJNuxrJXcWKnFO0OSP6SPaC02ua1A/0', NULL, NULL, NULL, NULL, NULL, NULL, 1, 1, 'omj0ZuCP8NIiO-tPoSrJ8FGMQ4Ms', '- 依旧 -'),
(461, 'Ha3381476449942', NULL, NULL, 1462515494, 0, 0, 0, NULL, '中国浙江宁波', 'http://wx.qlogo.cn/mmopen/wcib2GksmGOkRyHHWwlO0NrDDlxUzicJ6DGK68aPFAcT6gOjUfP8X1RT165XgjKiazvSUjA7GElo7KNDmSbnzMaxg/0', NULL, NULL, NULL, NULL, NULL, NULL, 1, 1, 'omj0ZuCmMQVqfdfTTj0EEQkHa338', 'Zero'),
(462, '92qow1476449942', NULL, NULL, 1444546925, 0, 0, 0, NULL, '中国浙江温州', 'http://wx.qlogo.cn/mmopen/ajNVdqHZLLCla1cy3vWlnRfG2QiaXl9JB0ichydy9M3KmXu8ddu4Oms8xsEdVOgcx4LCPbmpRWbiciatiahRN8hPGVw/0', NULL, NULL, NULL, NULL, NULL, NULL, 1, 1, 'omj0ZuEiNwC-X2FgymHGPx392qow', 'Yu'),
(463, '636rw1476449942', NULL, NULL, 1471050626, 0, 0, 0, NULL, '中国浙江宁波', 'http://wx.qlogo.cn/mmopen/PiajxSqBRaEKwCsVibqyPTqibB8gJ4jg829qVL6KlAORWOEPiaiaFPUibhP0IH0zOibKLIVWBntnicMOrrOoDaHl0Z20iag/0', NULL, NULL, NULL, NULL, NULL, NULL, 1, 1, 'omj0ZuJ3qNAaM0vQcE7pcJs636rw', 'AAA宁波乐晟包装-孙智慧'),
(464, 'OJzSw1476449942', NULL, NULL, 1442216671, 0, 0, 0, NULL, '中国浙江宁波', 'http://wx.qlogo.cn/mmopen/5OjFv8HupiadX6uXx1UEUKtx7jGlNmCyvObRh8M4mctkRyB4fnNaaOA88BWvRHjUQLSLO2qgrJnxp7ic1Nl3wkGdpRFjkYVkpl/0', NULL, NULL, NULL, NULL, NULL, NULL, 1, 1, 'omj0ZuDYsvDQrAzFL31WCldOJzSw', '佳友三歌'),
(465, 'WcFHc1476449942', NULL, NULL, 1475337115, 0, 0, 0, NULL, '中国湖南长沙', 'http://wx.qlogo.cn/mmopen/ut6E27iaeZRyWN5q2NJt3iaZv6BX0JfgiaSChh0Ie1D0U0MJnMdgDFYzoSqRLGsdExIxicujPGmCswEpBXu88wTNibUkHKmxvNic9D/0', NULL, NULL, NULL, NULL, NULL, NULL, 1, 1, 'omj0ZuCIZ3_cB9CznwR4SljWcFHc', 'Siri'),
(466, 'fQfNI1476449942', NULL, NULL, 1436531124, 0, 0, 0, NULL, '中国浙江宁波', 'http://wx.qlogo.cn/mmopen/ut6E27iaeZRxYpNchcUa3MUfibRKwPq17EDDtqsIROlbX6oicVxmkl0ocdPibBgqRHmSOhSJQZ2gMjLI9iaapvq4X6oEkzbd8Bf8B/0', NULL, NULL, NULL, NULL, NULL, NULL, 1, 1, 'omj0ZuAAjmYG5YJ7r05cbJ8fQfNI', '庆云'),
(467, 'g28SE1476449942', NULL, NULL, 1414197247, 0, 0, 0, NULL, '中国浙江宁波', 'http://wx.qlogo.cn/mmopen/wcib2GksmGOmJcTO0YyxnyrjdxdOB4nx9AYgpxFHicZKcDLFWRklUMFxgCp3ribKaTHEicTlzbiabEcZia6T5m5tb5U5G7dpksXm5e/0', NULL, NULL, NULL, NULL, NULL, NULL, 1, 1, 'omj0ZuKH45hTFrX_9xHCu8ig28SE', '宁波美博进出口俞锋伟'),
(468, 'yvEbs1476449942', NULL, NULL, 1434291164, 0, 0, 0, NULL, '中国河南信阳', 'http://wx.qlogo.cn/mmopen/ut6E27iaeZRyVZtUhiaGIQydpCkiaHxrvn0QnadEJeYicTGaUbWwEnSrWspBc3iaKYMSTPFvGescZnc7lMQIf7Act4caIPVTqicNfg/0', NULL, NULL, NULL, NULL, NULL, NULL, 1, 1, 'omj0ZuNFA2ykOUQiZtAYMkVyvEbs', '祁刚'),
(469, 'nuimk1476449943', NULL, NULL, 1457425476, 0, 0, 0, NULL, '', 'http://wx.qlogo.cn/mmopen/2pcqhLcoNvh9Q3lDuHPTdr6Az6AASlNic4LnyU1QVeiceTWVdGPwJbAljS4miaPud3viaWSDicnPficEEx1OMW9BGaNdQsYcK1FNxu/0', NULL, NULL, NULL, NULL, NULL, NULL, 1, 1, 'omj0ZuJkSNhl1V1Nn6Gld2Ynuimk', '海'),
(470, 'b5gOQ1476449943', NULL, NULL, 1440233910, 0, 0, 0, NULL, '中国广东深圳', 'http://wx.qlogo.cn/mmopen/u3ztK9lcibqVcggO6e8Ra7PRDadZOFqBArydUybqyibOEUgAyZ1ibiaM6ibUO9PL3rprmeaPN05nIjQaLH9CcqWu6jQnpvYfZEsYy/0', NULL, NULL, NULL, NULL, NULL, NULL, 1, 1, 'omj0ZuFbYSyOj5sAbZashMkb5gOQ', '回归大自然'),
(471, '2LEkA1476449943', NULL, NULL, 1475953103, 0, 0, 0, NULL, '中国广东深圳', 'http://wx.qlogo.cn/mmopen/9tqbrf6Bf0P2T0qOsNBQTWMgFPESllIr6wPaHzzIHSd5VjB03VVET6G9yrsQcITyLPQ1trbTUk9P68IVk9b93iam9GHHRrIE3/0', NULL, NULL, NULL, NULL, NULL, NULL, 1, 1, 'omj0ZuBz9G038HPrw-hWIlj2LEkA', 'ATM'),
(472, 'Pev9A1476449943', NULL, NULL, 1475825539, 0, 0, 0, NULL, '中国河南安阳', 'http://wx.qlogo.cn/mmopen/ut6E27iaeZRxYpNchcUa3MTIrKB4T7EodTT3kxicYrLggc58sjXU0zpuhdICLKKich8roeevsYwVIOjRvM7KLqkDZV2PrqJquHT/0', NULL, NULL, NULL, NULL, NULL, NULL, 1, 1, 'omj0ZuFJTkdpwX1bGXs0rN3Pev9A', '........'),
(473, '-W9io1476449943', NULL, NULL, 1475427007, 0, 0, 0, NULL, '中国上海浦东新区', 'http://wx.qlogo.cn/mmopen/5OjFv8Hupiac6WG8V9Qiajpx0TO2dwHMfonwAqpLvHgb2MbaEiaQ8y73NIE04BAXJzkId90oqcgwpAK8ibLhfSTKpbmjJg885ibRl/0', NULL, NULL, NULL, NULL, NULL, NULL, 1, 1, 'omj0ZuF1xwcdXH0YGkqWeDp-W9io', '万事通'),
(474, 'Id4L01476449943', NULL, NULL, 1474918243, 0, 0, 0, NULL, '中国浙江绍兴', 'http://wx.qlogo.cn/mmopen/9tqbrf6Bf0P2T0qOsNBQTfdTib1M3l0tjo07wicqZuJscfKEJyRCezd8z6kMG0Cob9lSkMP94bcWWQcGc5K1nQ0cicgtrqyrZ8v/0', NULL, NULL, NULL, NULL, NULL, NULL, 1, 1, 'omj0ZuEECoOrscBY6_xGxX4Id4L0', '刘永池 | 智慧科技'),
(475, 'CC8zM1476449943', NULL, NULL, 1472636342, 0, 0, 0, NULL, '中国浙江宁波', 'http://wx.qlogo.cn/mmopen/9tqbrf6Bf0P2T0qOsNBQTcqrZU5Tia6pK0IxPFgSPsb90APSUq47SIzicApn4VPib5o5iaibKzWT73FwPkGuv824J3zbrJA4quB2J/0', NULL, NULL, NULL, NULL, NULL, NULL, 1, 1, 'omj0ZuM2Ts95q4LjE6Zdw3QCC8zM', '哈哈哈哈哈哈哈哈'),
(476, 'pDt3E1476449943', NULL, NULL, 1443587510, 0, 0, 0, NULL, '中国广东深圳', 'http://wx.qlogo.cn/mmopen/qsib5Tb1bC7PRJzRpmvwZ2dWVgOp0z3JmSr8jsFJjppe0ribTt43W2QsHfWIaGLwTjcicpM8h4FP9M9sHviaTLgUadQmpPQqd3icw/0', NULL, NULL, NULL, NULL, NULL, NULL, 1, 1, 'omj0ZuJ-oD8623umC_egFljpDt3E', '魏鎛旭'),
(477, 'bx4NM1476449943', NULL, NULL, 1434726843, 0, 0, 0, NULL, '中国浙江宁波', 'http://wx.qlogo.cn/mmopen/qsib5Tb1bC7PRJzRpmvwZ2YTk7DKRLMCw9FLibfbGOg9FbadobTsYRPouria9ib64dj1zmjP03rpUq8LPjIoxjyaUqhRu0KpxjOr/0', NULL, NULL, NULL, NULL, NULL, NULL, 1, 1, 'omj0ZuGWfByrQ_B6PWtd7J8bx4NM', '大福'),
(478, '-Ddco1476449943', NULL, NULL, 1474879818, 0, 0, 0, NULL, '中国山东日照', 'http://wx.qlogo.cn/mmopen/9tqbrf6Bf0P2T0qOsNBQTUf6zHj6yXP4diaxzCV8ymEoNWzRUXkA4O7mJjfPbvCzKX1gbxcoRdNT1BFWXZ1mVQr4X3JT7zSaA/0', NULL, NULL, NULL, NULL, NULL, NULL, 1, 1, 'omj0ZuOAqVCbdHAv50tAwYC-Ddco', ''),
(479, 'OFym01476449943', NULL, NULL, 1425434015, 0, 0, 0, NULL, '中国浙江宁波', 'http://wx.qlogo.cn/mmopen/5OjFv8Hupiae95JnTbGe5T3eKCCv7ou4naPTibFGicSmlxeb8H2IIibDoNZFu1XKaUptfQpcicxhmOzjvWMm87iaQn7Ro0mjAmJ0x1/0', NULL, NULL, NULL, NULL, NULL, NULL, 1, 1, 'omj0ZuOHqN3hK_pcMNd-sFuOFym0', '火龙果'),
(480, 'RKqog1476449943', NULL, NULL, 1419083949, 0, 0, 0, NULL, '中国陕西延安', 'http://wx.qlogo.cn/mmopen/5OjFv8HupiafFe10rjqYDkpr9MqEob6MOl4d9X8ARI6lAkZ8CaQWsuQDCibm27Hl6icOVyNtJrzEicwBDeDyjRCnqekBHQca3yq3/0', NULL, NULL, NULL, NULL, NULL, NULL, 1, 1, 'omj0ZuNa5w9HpoUDEc2KJc4RKqog', 'ABC心再野也懂得拒绝'),
(481, '41MUU1476449943', NULL, NULL, 1417241075, 0, 0, 0, NULL, '百慕大', 'http://wx.qlogo.cn/mmopen/ut6E27iaeZRxYpNchcUa3MVNtzj1E7rSqtGG7STzXEtJAdC4hibCjIs7Eo2bICFg1V3dtLF3DN5lZicc42COIW4jL19ibS7equFr/0', NULL, NULL, NULL, NULL, NULL, NULL, 1, 1, 'omj0ZuO8_zdpQC9oLQqYYWy41MUU', 'kk一千年以后'),
(482, 'ym6oM1476449943', NULL, NULL, 1444306915, 0, 0, 0, NULL, '中国浙江杭州', 'http://wx.qlogo.cn/mmopen/5OjFv8Hupiac6WG8V9QiajpicOmAps4vE1orUiallUaKLPHJVUFBvDLr2KQrSNkRIec93LU2pDEtaibVyf7A5HXHQOBxbCsVndX1W/0', NULL, NULL, NULL, NULL, NULL, NULL, 1, 1, 'omj0ZuIAvMpcho8rB2rbtqoym6oM', '兰无阿三'),
(483, 'B2f-81476449943', NULL, NULL, 1475828138, 0, 0, 0, NULL, '中国云南昆明', 'http://wx.qlogo.cn/mmopen/wcib2GksmGOlWdpAvuv3hbecRvM8s0ygDAYPqCE5iblBYtRMIQ5uhaFfqLRxMTDYGdqoTz99lpRtURTxab5Y2UgYYU1ubUEnFC/0', NULL, NULL, NULL, NULL, NULL, NULL, 1, 1, 'omj0ZuOC5mzR68UraSsPpb4B2f-8', 'strvn'),
(484, 'vQytA1476449944', NULL, NULL, 1421752839, 0, 0, 0, NULL, '中国浙江宁波', 'http://wx.qlogo.cn/mmopen/qsib5Tb1bC7PRJzRpmvwZ2bKCeCIAJYzxIX991ZQom3HUgefGmNmSo6tssibW6XVKubOIMzOrwE71GRRycnyVA5fVhtlNws7l7/0', NULL, NULL, NULL, NULL, NULL, NULL, 1, 1, 'omj0ZuLPbJJ-DEeBSDxeZJjvQytA', '星光灿烂'),
(485, 'OkUbE1476449944', NULL, NULL, 1415934944, 0, 0, 0, NULL, '', 'http://wx.qlogo.cn/mmopen/ajNVdqHZLLDicfPSE1fchQAtz4kQhr8kWja8riboAXIZs9FNlkHMkdIk8ic1FGEdgSoMhCe1qAEaKbNpM01bFrJgaZtBkE58heFRakztAObcvc/0', NULL, NULL, NULL, NULL, NULL, NULL, 1, 1, 'omj0ZuGN0F-3nf_KT15hPB7OkUbE', '刁春华'),
(486, 'bs5po1476449944', NULL, NULL, 1447120670, 0, 0, 0, NULL, '中国浙江宁波', 'http://wx.qlogo.cn/mmopen/ut6E27iaeZRxYpNchcUa3McgaMj5aj8EicuBWYjiaYFQSRNaHPNtYosYmMp8rDI2Q6YibwaAw6ria53VNB0xHMnc1HOHNhToqZCY3/0', NULL, NULL, NULL, NULL, NULL, NULL, 1, 1, 'omj0ZuKF9j4-V37cRI-F8pebs5po', '宁波中旅骆驼门市黄 彪13429325716'),
(487, '8ACuM1476449944', NULL, NULL, 1476151810, 0, 0, 0, NULL, '新加坡', 'http://wx.qlogo.cn/mmopen/9tqbrf6Bf0P2T0qOsNBQTZ73gzm3Tzg5yaCtkl83cjXBNTrLVR6R7R4EpmgBH9OHjYRAIDePVzjsrKibs76e8iaOUNQ8licC9nt/0', NULL, NULL, NULL, NULL, NULL, NULL, 1, 1, 'omj0ZuNYW8_cgc4ysHt_yZx8ACuM', '马鹍'),
(488, 'BNF_E1476449944', NULL, NULL, 1416039226, 0, 0, 0, NULL, '', '', NULL, NULL, NULL, NULL, NULL, NULL, 1, 1, 'omj0ZuAvNSggEjoyWqdpmyTBNF_E', '只知→坚持'),
(489, 'gpiNg1476449944', NULL, NULL, 1438424490, 0, 0, 0, NULL, '中国浙江杭州', 'http://wx.qlogo.cn/mmopen/5OjFv8Hupiac6WG8V9Qiajp4FT6gDgFgVVcicJVTX4moOSRPicyibEWmsxtXaH0icodY7NDITIEjdNGrTlOOXpQhm8eGNLibC6K9e1P/0', NULL, NULL, NULL, NULL, NULL, NULL, 1, 1, 'omj0ZuDoP2un3ruWiwoBNzCgpiNg', '黄耀辉'),
(490, 'vo5301476449944', NULL, NULL, 1440160065, 0, 0, 0, NULL, '中国浙江宁波', 'http://wx.qlogo.cn/mmopen/qsib5Tb1bC7PRJzRpmvwZ2dhBGzjwCaWicbqcCrX8UqKez7Z5pNYM9Gyw1v8xOy8eGcHtTE1ibROgBfSdxWs36n8NEz9KFkQHyI/0', NULL, NULL, NULL, NULL, NULL, NULL, 1, 1, 'omj0ZuHK6Eq2U2VmjaZyXmqvo530', '宁波高档皮具护理维修店'),
(491, '1MCoQ1476449944', NULL, NULL, 1475894390, 0, 0, 0, NULL, '', 'http://wx.qlogo.cn/mmopen/ut6E27iaeZRxYpNchcUa3MbQsfY2apnO2cIEpygodcKJ0rrJsHn21Wc9qPxffkar7ib3sxYHOMpJIbnyOG5hWia9NJAxxa5Scn6/0', NULL, NULL, NULL, NULL, NULL, NULL, 1, 1, 'omj0ZuPIjgdZ1GYxpR3WO4l1MCoQ', '生如夏花i'),
(492, 'w1GWg1476449944', NULL, NULL, 1467363777, 0, 0, 0, NULL, '中国浙江宁波', 'http://wx.qlogo.cn/mmopen/ut6E27iaeZRxYpNchcUa3MQMYtJUNpib5X8ianIqqxKpmSktPh75zGLez9JEbzABTxrmaqvgdAIXdrGd1A2ic8xuWLxYe8FVq0z5/0', NULL, NULL, NULL, NULL, NULL, NULL, 1, 1, 'omj0ZuIa_QZ3ZlpNKOuqe8Rw1GWg', '大地6789'),
(493, 'Iym_o1476449944', NULL, NULL, 1436506800, 0, 0, 0, NULL, '中国浙江宁波', 'http://wx.qlogo.cn/mmopen/5OjFv8Hupiac6WG8V9QiajpxWWBp4YhTST97Ms4nnc9t8ibWgCDyJM1DzqYbWOe9UjolT37eNe8KC6uzIpjK593uNCqkaAgj4b6/0', NULL, NULL, NULL, NULL, NULL, NULL, 1, 1, 'omj0ZuIycxprcvkGyVt3teDIym_o', '开诚'),
(494, 'ApHSg1476449944', NULL, NULL, 1471751744, 0, 0, 0, NULL, '中国江苏徐州', 'http://wx.qlogo.cn/mmopen/wcib2GksmGOmJcTO0YyxnykguMmKb4F33svZl3x4I2EFFpBu5raCmRaUDkGgE8hiaItNzSUh600z9Jbgknnt1yt2H6mkAubZll/0', NULL, NULL, NULL, NULL, NULL, NULL, 1, 1, 'omj0ZuJsp9-tyfswk8ZJSLSApHSg', '念念不忘'),
(495, '_yoDo1476449944', NULL, NULL, 1474531405, 0, 0, 0, NULL, '中国云南昆明', 'http://wx.qlogo.cn/mmopen/0MotSibkZdvrPyhCUiaxbHdoiawakvicq64tq81icRpqqEmadjf1Mzcfe5ic6Szvic1WWVE9p15xoHcnsmpnJiabOdDAhulwbseGEds1/0', NULL, NULL, NULL, NULL, NULL, NULL, 1, 1, 'omj0ZuOgJx0Kvwz6rweNz4B_yoDo', '请给我一支兰州_'),
(496, 'JO3Dg1476449944', NULL, NULL, 1418354629, 0, 0, 0, NULL, '中国浙江宁波', 'http://wx.qlogo.cn/mmopen/wcib2GksmGOmJcTO0YyxnyhapaAianjtmYdpDIrgNSj3mywPxAQmNCJtuFqJRPelCVicryEPvribR3Cib7lboYicCwUQClxFyjHFkA/0', NULL, NULL, NULL, NULL, NULL, NULL, 1, 1, 'omj0ZuLcQtDLSw40zxJb0RWJO3Dg', '悟'),
(497, 'FJ5kI1476449944', NULL, NULL, 1415702665, 0, 0, 0, NULL, '安道尔', 'http://wx.qlogo.cn/mmopen/Q3auHgzwzM6exGdPzPOC0vEuvE0ow1YsM7YXYGBSacC1tsSTGxYjax1SgzJNPIQsJpWaVBjpVMpw7R1bV9ylHs3TRBDz6cgENY3YnN27zAE/0', NULL, NULL, NULL, NULL, NULL, NULL, 1, 1, 'omj0ZuAqwvgm4X_SS8SDft0FJ5kI', 'KK'),
(498, 'Ewewc1476449944', NULL, NULL, 1420520999, 0, 0, 0, NULL, '马达加斯加', 'http://wx.qlogo.cn/mmopen/ut6E27iaeZRxYpNchcUa3MSK7AUGKGrQibhgg7RItfB7ujjfRic2XyklicQq3lYZxK0ZibDV5HqPIgfiajhDEvXSNBtNiaBIghm24dE/0', NULL, NULL, NULL, NULL, NULL, NULL, 1, 1, 'omj0ZuBP3h-aswTJItOr619Ewewc', 'Mr.Idiot'),
(499, 'y8FlU1476449944', NULL, NULL, 1444465805, 0, 0, 0, NULL, '马尔代夫费利杜', 'http://wx.qlogo.cn/mmopen/ut6E27iaeZRxYpNchcUa3MSbQLkcWdfHzXV7xf1CYZjx2uvrj447rRHicnGdfZjlZxwiaXRdRiaXiakD1wR3jNk0iaIndT7a005esz/0', NULL, NULL, NULL, NULL, NULL, NULL, 1, 1, 'omj0ZuOk-2w7pnGty2xIopDy8FlU', '一德汽车：宋华'),
(500, 'W1gRg1476449945', NULL, NULL, 1476334095, 0, 0, 0, NULL, '中国广东佛山', 'http://wx.qlogo.cn/mmopen/ajNVdqHZLLCJCfzYLic9y1S8B076dnrjrNOic1KWhTRyce2DDfbVjdCBkL8VpI7jHb3KDsoxGv5ia0m59ptkMuW7WibWz9VHSVZibWfG2uThXxZg/0', NULL, NULL, NULL, NULL, NULL, NULL, 1, 1, 'omj0ZuLiSaHfs3tPjYihD2KW1gRg', 'paul'),
(501, 'S0lv01476449945', NULL, NULL, 1475853068, 0, 0, 0, NULL, '奥地利维也纳', 'http://wx.qlogo.cn/mmopen/ut6E27iaeZRxYpNchcUa3MYFL2kbtDich1fk1LmJ7X7k81IP3h6SfPZ7JFoJjTp6S4l95FLtZ6GlIFLVOIiaoZQg6uIicP7WiahUa/0', NULL, NULL, NULL, NULL, NULL, NULL, 1, 1, 'omj0ZuNyW_niKnZpszVUuFfS0lv0', 'Cutty Shark'),
(502, 'OTlYE1476449945', NULL, NULL, 1474329901, 0, 0, 0, NULL, '中国浙江台州', 'http://wx.qlogo.cn/mmopen/5OjFv8Hupiac6WG8V9QiajpzDM0ZLNXLy7KUc4uPbsZjh4ekytZT5zQAkjiaVgZkTFcvADlib3PiahUtL8ibNOibm2hCM1ZOIiboapqs/0', NULL, NULL, NULL, NULL, NULL, NULL, 1, 1, 'omj0ZuP67Yy27FwAs6Azr56OTlYE', 'A.心念'),
(503, 'Noo181476449945', NULL, NULL, 1427699087, 0, 0, 0, NULL, '澳大利亚西澳大利亚卡尔古利', 'http://wx.qlogo.cn/mmopen/ut6E27iaeZRxYpNchcUa3MXrSjyracKibN677FibYPaQiagIyaPJ35UxicVaduKSqicfNZk8bRB0RBJnaavicKg3icwDiaiaOlacL4icIpj/0', NULL, NULL, NULL, NULL, NULL, NULL, 1, 1, 'omj0ZuDm6DANiD7lG86DpsHNoo18', '嗨森'),
(504, 'RMuRY1476449945', NULL, NULL, 1415681872, 0, 0, 0, NULL, '中国上海普陀', 'http://wx.qlogo.cn/mmopen/ut6E27iaeZRxYpNchcUa3MTx1pYicAiaLsXKfsfhBtxHrOYAVP9zqYDU44CBsFnTOmyTbOaLbick553V6FkXh2HOEEMibuO8lsZicic/0', NULL, NULL, NULL, NULL, NULL, NULL, 1, 1, 'omj0ZuFz9xrvLUp88ngsEaFRMuRY', 'Joe'),
(505, 'kk79Q1476449945', NULL, NULL, 1428115897, 0, 0, 0, NULL, '中国山东济宁', 'http://wx.qlogo.cn/mmopen/qsib5Tb1bC7Psz4HMfAuJOdS2cgRIibAQmmtoZmoUWEFGsRYLOmErea502HPgJ0owboiabha1yxvnCULvBhX7xCIibWwYfYHosYL/0', NULL, NULL, NULL, NULL, NULL, NULL, 1, 1, 'omj0ZuLUyGQYOCgNwgOceTikk79Q', '秋牧'),
(506, '36uO81476449945', NULL, NULL, 1432109945, 0, 0, 0, NULL, '中国浙江宁波', 'http://wx.qlogo.cn/mmopen/qsib5Tb1bC7PRJzRpmvwZ2VKkHYPWUrzxEtlkKRLGdsxmuic3WsBIbHXtXO4ajBLBJ4tWx6f7pnqfV5GGzvuuSxUOa5dHwLlrv/0', NULL, NULL, NULL, NULL, NULL, NULL, 1, 1, 'omj0ZuEPxd8nGPdBygJkWO336uO8', '金竞之'),
(507, 'Cok3o1476449945', NULL, NULL, 1475133073, 0, 0, 0, NULL, '中国四川眉山', 'http://wx.qlogo.cn/mmopen/qsib5Tb1bC7MxvYVPIOmYb66XNdCmTNIVr0bHFaZkPoOLVdautAI2HSZWbymtenLQjb0W3Fz0N4LKZvg2mp9AQ0Vok2L2C7da/0', NULL, NULL, NULL, NULL, NULL, NULL, 1, 1, 'omj0ZuK4jQwR7WlG2BoTVfPCok3o', '黄懿'),
(508, 'dpyT81476449945', NULL, NULL, 1434467992, 0, 0, 0, NULL, '中国广东广州', 'http://wx.qlogo.cn/mmopen/rEqR3QY6wojqaZ7BJUibos9yPOGmEHs7YibMJWz4eH6whhKkqXrCU6pPrs5zm9JckSmicURWqfeibgskykfQCxxbzpmtn6oS5pvR/0', NULL, NULL, NULL, NULL, NULL, NULL, 1, 1, 'omj0ZuHcVqiiEJkXfeIFdlLdpyT8', 'jekin'),
(509, '3-rXc1476449945', NULL, NULL, 1441009089, 0, 0, 0, NULL, '中国浙江宁波', 'http://wx.qlogo.cn/mmopen/ajNVdqHZLLDJFxfaXDNpSSJWydr8yIAP8T2nm23iasektX7iaczFsJ504QcFrLGeNgmT3eUwz5k8RRExEL19zWMWTiaOcI4e3fyjQjSjsicDz3U/0', NULL, NULL, NULL, NULL, NULL, NULL, 1, 1, 'omj0ZuMFuS5-dQuzznc7d9u3-rXc', '张波'),
(510, 'mS_KA1476449945', NULL, NULL, 1409566637, 0, 0, 0, NULL, '中国浙江杭州', 'http://wx.qlogo.cn/mmopen/ut6E27iaeZRxYpNchcUa3MfvTGLqlgcGqyJnABwAy1VO2wE7X8TiaFMAmIdg0hliavf3h3cf2j0ccic4ib0qJkFWQbbHp4CCPbl1l/0', NULL, NULL, NULL, NULL, NULL, NULL, 1, 1, 'omj0ZuNDh5jFByRH_YjgAEImS_KA', '风歧路'),
(511, 'NR5GE1476449945', NULL, NULL, 1447761058, 0, 0, 0, NULL, '中国浙江宁波', 'http://wx.qlogo.cn/mmopen/5OjFv8HupiacY4eiccI7SzAibW4EWIFQ3S4icOBaB2nVQOEqYSpuRDX5keQpnPXrvAmtwtcia94PtxoUAWcxntA9BBiaa8AUviaWMqc/0', NULL, NULL, NULL, NULL, NULL, NULL, 1, 1, 'omj0ZuGPAIS1YeUIEFD2HozNR5GE', 'SHY '),
(512, 'pB6Zo1476449945', NULL, NULL, 1423108019, 0, 0, 0, NULL, '中国浙江宁波', 'http://wx.qlogo.cn/mmopen/5OjFv8Hupiac6WG8V9Qiajp1gpEJCsQfy1bcMGBzJQ94cQavY8V44iaib3LMDpqWJOgCR3Wr2SlCOooIaF3ibSJELibXxVicq3bEJNI/0', NULL, NULL, NULL, NULL, NULL, NULL, 1, 1, 'omj0ZuKxK1AqI4_tMtaRyUIpB6Zo', '杨建  BDHOME'),
(513, 'wDxBc1476449945', NULL, NULL, 1436508556, 0, 0, 0, NULL, '中国福建厦门', 'http://wx.qlogo.cn/mmopen/qsib5Tb1bC7PRJzRpmvwZ2UjQBGrZiaxJzFaDWzA9n52iaDRlLoS1ZsnVb7iarbQLfbNVU8yrrtYuMQerhCZvs9kN3M4qYbFs3Wp/0', NULL, NULL, NULL, NULL, NULL, NULL, 1, 1, 'omj0ZuJ343qVQzFibT5xaqrwDxBc', '李先生'),
(514, 'RKo481476449945', NULL, NULL, 1475745271, 0, 0, 0, NULL, '中国安徽芜湖', 'http://wx.qlogo.cn/mmopen/ut6E27iaeZRxYpNchcUa3MdBeAF4LoPiaLLicBoFBTGJsBqS1yJSrCX9lfNuydCWO3s5y7Y3qhrZ7cN52JFoFhmAej93DKBibUUf/0', NULL, NULL, NULL, NULL, NULL, NULL, 1, 1, 'omj0ZuLU0QX44NAM6Y4zsnJRKo48', '今夕何夕'),
(515, '2PUrA1476449945', NULL, NULL, 1476195486, 0, 0, 0, NULL, '中国河南郑州', 'http://wx.qlogo.cn/mmopen/ajNVdqHZLLB0HnTVy7LpSPY44JibSwyLko5sRYQkd5bDr1OaLPhCcx1wQr4IfZ28M4evgIMEVBkhJI52sDjanm3mevKlEL01kIu7ibiapwqExg/0', NULL, NULL, NULL, NULL, NULL, NULL, 1, 1, 'omj0ZuIwshzgw69UjocoW312PUrA', '叶子'),
(516, 'p7yN81476449946', NULL, NULL, 1425904099, 0, 0, 0, NULL, '德国慕尼黑', 'http://wx.qlogo.cn/mmopen/ut6E27iaeZRxYpNchcUa3MZ8CcSmdIibEIicJW0PTHZIyLUyO7NJSsuhZTOzzGkxFCLws4gXCPiajtP4aWicRKWNuwZjg4Ap4wYCL/0', NULL, NULL, NULL, NULL, NULL, NULL, 1, 1, 'omj0ZuFaRYG6DUnR49Sl0PCp7yN8', '沈赛娟'),
(517, 'X6ii41476449946', NULL, NULL, 1427697315, 0, 0, 0, NULL, '格陵兰', 'http://wx.qlogo.cn/mmopen/5OjFv8Hupiac6WG8V9Qiajpzh5HVNFEqmvuYXvTybMs5VtybypWf1rDgBmXrzCsZdJtT0IG6gdEVbzDSLOonDUKUsOk2M8c6cib/0', NULL, NULL, NULL, NULL, NULL, NULL, 1, 1, 'omj0ZuDFEoATaAYC8CkwBMmX6ii4', '孙晓飞'),
(518, 'nd4T41476449946', NULL, NULL, 1439085481, 0, 0, 0, NULL, '', 'http://wx.qlogo.cn/mmopen/ut6E27iaeZRz5COYJ1NyU1dUnap2MKkNXYOOJlVX6gDSjQV6VpDb2zKp0ycgYQIK0SBfdswwC2m8FNEy9xcic1Y2DhIX0M3EwH/0', NULL, NULL, NULL, NULL, NULL, NULL, 1, 1, 'omj0ZuHp8_S4rFo1XI2TwYGnd4T4', '蓝天推广'),
(519, 'yJV3I1476449946', NULL, NULL, 1452741849, 0, 0, 0, NULL, '中国浙江宁波', 'http://wx.qlogo.cn/mmopen/qsib5Tb1bC7PRJzRpmvwZ2aPgzib01lfg9iaJrkDudwia3udZOBbibpTibBpSrlA7ET9Lglr89DzNoIiamrAEIc5yzN0fX7fX0tSaJI/0', NULL, NULL, NULL, NULL, NULL, NULL, 1, 1, 'omj0ZuCbd144_dZ1Tz8KmyKyJV3I', '哥还是老胡');
INSERT INTO `wp_userinfo` (`uid`, `username`, `upwd`, `utel`, `utime`, `agenttype`, `otype`, `ustatus`, `oid`, `address`, `portrait`, `lastlog`, `managername`, `comname`, `comqua`, `rebate`, `feerebate`, `usertype`, `wxtype`, `openid`, `nickname`) VALUES
(520, '6L7GQ1476449946', NULL, NULL, 1417402368, 0, 0, 0, NULL, '中国浙江宁波', 'http://wx.qlogo.cn/mmopen/ut6E27iaeZRxYpNchcUa3MSnUH5zQGxIrHTm0vGP88Gpn64ay7moj1jCo9lGKO4fJbJnibs8MdmLGUcyFbKKuCu4llJKnc654o/0', NULL, NULL, NULL, NULL, NULL, NULL, 1, 1, 'omj0ZuAIR2PbBMiz0MCGtU26L7GQ', 'Ayuki'),
(521, 'InLsg1476449946', NULL, NULL, 1475125593, 0, 0, 0, NULL, '中国上海松江', 'http://wx.qlogo.cn/mmopen/5OjFv8HupiaePeexG9ibHdNbGic8gvia5zzTFREIgwWThxAZsL153T9cyRaTYrajJl0diasic2gAHaTMgD1cl9IdG8iauayfy1b5OTw/0', NULL, NULL, NULL, NULL, NULL, NULL, 1, 1, 'omj0ZuLWZFFizHep46JtGQiInLsg', 'M+众享惠'),
(522, 'O2YAI1476449946', NULL, NULL, 1476016762, 0, 0, 0, NULL, '中国四川遂宁', 'http://wx.qlogo.cn/mmopen/ut6E27iaeZRyVZtUhiaGIQyZJOwblFGpxQYicbNELF5pm0vXqRFNWQicSSPS19n2g984MicUHzmjiaKKs7Z0hPQicaM8eZdric5UnfrG/0', NULL, NULL, NULL, NULL, NULL, NULL, 1, 1, 'omj0ZuK9f8MajUkmQfG29BLO2YAI', '沉淀'),
(523, 'Wph1g1476449946', NULL, NULL, 1475338893, 0, 0, 0, NULL, '安道尔', 'http://wx.qlogo.cn/mmopen/wcib2GksmGOnqNftzichLqTvg2icxM41WRt8hkP5w3fbK3DNX5AeyzsOQeJdgS177jiapUeg5tbR32zjcaU32WUdO1ibzQibY4jwA0/0', NULL, NULL, NULL, NULL, NULL, NULL, 1, 1, 'omj0ZuPrnUHKlIbUsdPXAVTWph1g', ''),
(524, '5MhKk1476449946', NULL, NULL, 1468397898, 0, 0, 0, NULL, '中国浙江宁波', 'http://wx.qlogo.cn/mmopen/5OjFv8Hupiac6WG8V9Qiajpzo4IPwtZaRcYibRBzF4oHSKD8iarNUPibtCPXgRTsfibTJbxelCWZGiam7VcNXX9PBo8nPu3JMsEFRwT/0', NULL, NULL, NULL, NULL, NULL, NULL, 1, 1, 'omj0ZuHlnolQs9tK1hovDaz5MhKk', '宁波小广东真皮改装VlP15868823821'),
(525, 'HB0bU1476449946', NULL, NULL, 1443067753, 0, 0, 0, NULL, '中国浙江宁波', 'http://wx.qlogo.cn/mmopen/5OjFv8Hupiactd6NnAiaHFqvDb0lANwibe2WyuuoMHLOvqt5aRBXt4R8LELRA3D2pPJr2r5rWWKKm6R2ZkOnjutib9OsB1LcCPqz/0', NULL, NULL, NULL, NULL, NULL, NULL, 1, 1, 'omj0ZuJtO5s81C9iiomBWbFHB0bU', '吴正明'),
(526, '_jp0w1476449946', NULL, NULL, 1439180039, 0, 0, 0, NULL, '中国浙江宁波', 'http://wx.qlogo.cn/mmopen/ut6E27iaeZRxYpNchcUa3MVSuGuXoiczBJrrl4C3auk8z9LNga1BcSsxwAtulrnic1484ucVTzESIom4BDPCE26uPkZyicV5shJK/0', NULL, NULL, NULL, NULL, NULL, NULL, 1, 1, 'omj0ZuEPLr6mIoQ_SDssqAx_jp0w', '乐儿潮'),
(527, 'FdCOA1476449946', NULL, NULL, 1429614994, 0, 0, 0, NULL, '', '', NULL, NULL, NULL, NULL, NULL, NULL, 1, 1, 'omj0ZuBrIW_j3aSSOcWFiwIFdCOA', ' 丘勉芷'),
(528, 'jmJi81476449946', NULL, NULL, 1469444031, 0, 0, 0, NULL, '埃及', 'http://wx.qlogo.cn/mmopen/ut6E27iaeZRxYpNchcUa3MSIiaiaFZ9TibmbEIRNhOArc5fpEEshUeibXwNg8ibSVKuiadlC3aZibo11oSItmiaGMuq0BvndN9GEVEc42/0', NULL, NULL, NULL, NULL, NULL, NULL, 1, 1, 'omj0ZuF1ue2oG4c5Kc2y8CKjmJi8', 'dear  friend'),
(529, 'eTrrw1476449946', NULL, NULL, 1447032850, 0, 0, 0, NULL, '中国浙江温州', 'http://wx.qlogo.cn/mmopen/ut6E27iaeZRxYpNchcUa3MVTu6ol8asjCJHEawGIRTcS8oFSpf4MxyNfVoEAsSRNafUIcrEKhdNINupV31Pib0BU7Vs6xiajkr7/0', NULL, NULL, NULL, NULL, NULL, NULL, 1, 1, 'omj0ZuGo2CIuGogwsta1XcbeTrrw', '林秋绿13868555582'),
(530, 'qQtNc1476449946', NULL, NULL, 1474719304, 0, 0, 0, NULL, '中国浙江杭州', 'http://wx.qlogo.cn/mmopen/qsib5Tb1bC7PRJzRpmvwZ2dXGI8BHTjO7jckv9bNia5VDopLdiawuxVzVOCtudqogHYSA2VRHdZTtNldptAb830c497Y6ibHWI87/0', NULL, NULL, NULL, NULL, NULL, NULL, 1, 1, 'omj0ZuN3DW0yQnjxxrc4JIFqQtNc', 'L叔'),
(531, 'sbHj41476449946', NULL, NULL, 1457416345, 0, 0, 0, NULL, '中国浙江宁波', 'http://wx.qlogo.cn/mmopen/ut6E27iaeZRxYpNchcUa3MUBe6ibpAARVj2W9pbZYVuwLv2phoiaa9icqH0TtUTrCcA1xvvBDvOdicxmV8DlzfOf3Bg7aicPY9UddS/0', NULL, NULL, NULL, NULL, NULL, NULL, 1, 1, 'omj0ZuFpIhD0a9IGHJuCHN6sbHj4', '贝尔'),
(532, 'o0bnA1476449947', NULL, NULL, 1476406641, 0, 0, 0, NULL, '中国湖南长沙', 'http://wx.qlogo.cn/mmopen/ut6E27iaeZRxYpNchcUa3MdnS9icUITaVicMLsribDkiaouoX9hvoWvCwia1EMntDLK1icNZTFrhus5iabD1d707Iv1EQp027o6UjsWK/0', NULL, NULL, NULL, NULL, NULL, NULL, 1, 1, 'omj0ZuFJFvp7H8eUzNSaSLCo0bnA', '优粉·许敦宁'),
(533, 't6nq81476449947', NULL, NULL, 1449021876, 0, 0, 0, NULL, '中国江西南昌', 'http://wx.qlogo.cn/mmopen/qsib5Tb1bC7PRJzRpmvwZ2YayrdsOxAURF2wTOycBTNHLZO8spCZ3lGwCo5W2LtoiaFjOXjyM9PF4LGAVoU9hKeTHHduxCrmMg/0', NULL, NULL, NULL, NULL, NULL, NULL, 1, 1, 'omj0ZuFVAwbeWacXziw1zCVt6nq8', '噢谜'),
(534, 'WdJE01476449947', NULL, NULL, 1429749059, 0, 0, 0, NULL, '中国浙江宁波', 'http://wx.qlogo.cn/mmopen/qsib5Tb1bC7PRJzRpmvwZ2QBhJeImwWIWpU87a7swwX15H3G1pWc91nxBz6AZEDYNLxXjTlOdrkBDLhkyEWNsuG2jt8iaOoSkQ/0', NULL, NULL, NULL, NULL, NULL, NULL, 1, 1, 'omj0ZuJr_2H0GE3-MWrVj_yWdJE0', '宽厚、'),
(535, 'y8y7c1476449947', NULL, NULL, 1475981368, 0, 0, 0, NULL, '中国河南新乡', 'http://wx.qlogo.cn/mmopen/wcib2GksmGOmJcTO0YyxnymUfnKlkV50VR4rP9DYDYL13Kia9gYHS91Clzl66nEZCx6WolmUtSjECkUVdyVkrX4YONzJE03sFe/0', NULL, NULL, NULL, NULL, NULL, NULL, 1, 1, 'omj0ZuGww9NmPuqBYO-zgg5y8y7c', '随缘'),
(536, '8pr0o1476449947', NULL, NULL, 1456894448, 0, 0, 0, NULL, '中国浙江宁波', 'http://wx.qlogo.cn/mmopen/wcib2GksmGOmJcTO0YyxnyhXcu4rJy1hlmwILjIbkSLzOibplm1qTob2UI5x5fNy9kVgomPns11ic5Zog4OqYMiayrYVkH3NhQST/0', NULL, NULL, NULL, NULL, NULL, NULL, 1, 1, 'omj0ZuFe21ernbv9L7XjkyQ8pr0o', '靖善靖美'),
(537, 'Qq-MI1476449947', NULL, NULL, 1437638864, 0, 0, 0, NULL, '中国浙江杭州', 'http://wx.qlogo.cn/mmopen/wcib2GksmGOmJcTO0Yyxnyl8CEjaBWiaicSnbx4WfhdWfhMrDG2elQB2jRElRcKxicZicUvVaGnAAFt0l7BHwxfwA4thSDqSn1NTQ/0', NULL, NULL, NULL, NULL, NULL, NULL, 1, 1, 'omj0ZuP4nGs45e1orR2nZEOQq-MI', '^O^欣欢装饰^O^'),
(538, 'lE4N01476449947', NULL, NULL, 1434194822, 0, 0, 0, NULL, '中国浙江宁波', 'http://wx.qlogo.cn/mmopen/5OjFv8Hupiac6WG8V9Qiajp7RefViakibWutKbSSFmtvroXWQL1NfhqpgYxjI2ZLXYjtxc8f4UhOXiakdTcPSuEr3X2hcia3iaDz5q3/0', NULL, NULL, NULL, NULL, NULL, NULL, 1, 1, 'omj0ZuLFQkLIqSAkFBn19gmlE4N0', '承诺'),
(539, '1D1t41476449947', NULL, NULL, 1472192914, 0, 0, 0, NULL, '中国浙江杭州', 'http://wx.qlogo.cn/mmopen/ut6E27iaeZRxYpNchcUa3MSRIFakEOMMcX7unuCLwebdh5c3EDQ3sVP9FuyH1HdD7H93pB0OE7cFKm1DDdcibznrmMBb1jQchf/0', NULL, NULL, NULL, NULL, NULL, NULL, 1, 1, 'omj0ZuCNGUxPoGI0pQgPtxP1D1t4', '@云'),
(540, 'QgnXA1476449947', NULL, NULL, 1457942345, 0, 0, 0, NULL, '中国浙江温州', 'http://wx.qlogo.cn/mmopen/ut6E27iaeZRxYpNchcUa3MWcBzdKUKnPYm39BjIEFPdH5c9VFMDDpZQEsJuibs5iaAv9bq7nwz1eoCiaiceqDtAffknFeczRiawm6ib/0', NULL, NULL, NULL, NULL, NULL, NULL, 1, 1, 'omj0ZuBhLe-xq3dMRX-R6iIQgnXA', '没有署名的猫'),
(541, 'Izcac1476449947', NULL, NULL, 1462497569, 0, 0, 0, NULL, '中国广东广州', 'http://wx.qlogo.cn/mmopen/qsib5Tb1bC7PRJzRpmvwZ2XG5LnHPVE4XQ0GLPoNnw8YHYRo4EGpUH71p5tP9FN8iauXe5arHm4gcrOuAPHL77yWf71cjHPrwK/0', NULL, NULL, NULL, NULL, NULL, NULL, 1, 1, 'omj0ZuE7I_bcNJZetHkSn3rIzcac', 'AAAAA~缘来如此'),
(542, 'a8Vrg1476449947', NULL, NULL, 1474973920, 0, 0, 0, NULL, '中国四川', 'http://wx.qlogo.cn/mmopen/qsib5Tb1bC7PHcjTvdoSMOQ3VSe9af8boTKUg3DAoHldNAwb4LLmoBBiaMh1yddCickDRqiblerX9pzuaIZJPGZoZKB9pVFywhnX/0', NULL, NULL, NULL, NULL, NULL, NULL, 1, 1, 'omj0ZuOGLtDROeaG6ZehZxQa8Vrg', '王大大'),
(543, 'jxlc41476449947', NULL, NULL, 1415929327, 0, 0, 0, NULL, '中国江西上饶', 'http://wx.qlogo.cn/mmopen/5OjFv8Hupiac6WG8V9QiajpibF8lMvh8fxoVAicicjtBYu32NdzycmsLxcrHz5AOj5OjdqfIfldlzvqYyFcvFWW04PskmVzwG8Vwc/0', NULL, NULL, NULL, NULL, NULL, NULL, 1, 1, 'omj0ZuIprB1sFtTeaj0RibKjxlc4', '这一刻的自己。'),
(544, '2ALEQ1476449947', NULL, NULL, 1444547010, 0, 0, 0, NULL, '中国浙江温州', 'http://wx.qlogo.cn/mmopen/qsib5Tb1bC7MrDiaYDhegdVeEsNyl7A9NIKCicF9GTUY6TjHnic4qracPvpVfsSicUN9K4TpjDFPExZ7ia4yozMfRy80Jchyu6AIL8/0', NULL, NULL, NULL, NULL, NULL, NULL, 1, 1, 'omj0ZuE28szM_3hWlGW-xK42ALEQ', '军政仪表'),
(545, 'KncVE1476449947', NULL, NULL, 1422346061, 0, 0, 0, NULL, '智利', 'http://wx.qlogo.cn/mmopen/5OjFv8Hupiac6WG8V9Qiajp0HicOlWjbia1J0I3KQxePrTlRdFXzDFvuHkL2gjYSDowx9I34mrXlBECOuroBKeyiat1JHrjzic2wicy/0', NULL, NULL, NULL, NULL, NULL, NULL, 1, 1, 'omj0ZuJNnm1O32p7werrp7yKncVE', 'A  进口水果'),
(546, '5D5k01476449947', NULL, NULL, 1450352116, 0, 0, 0, NULL, '韩国济州岛东豆川市', 'http://wx.qlogo.cn/mmopen/5OjFv8HupiadjiboiaOmDC6JFL24nthl955IDwCgqTduZhDaps8GfVbLJpricic0mhHMulX9XsO5iaSCOJJmsJ68gIOiaqkq8msruqe/0', NULL, NULL, NULL, NULL, NULL, NULL, 1, 1, 'omj0ZuP3Etlu_XFo-e1qk3y5D5k0', '信达石材'),
(547, 'Qq0Lc1476449948', NULL, NULL, 1432003002, 0, 0, 0, NULL, '', 'http://wx.qlogo.cn/mmopen/ut6E27iaeZRxYpNchcUa3MUBQotx704ZZic4RAcFjRxBgCJ2nK9H4yfUxhT8icVQ8icVfKNUN430De82ekO9cbO6oQQWnFYiciabdX/0', NULL, NULL, NULL, NULL, NULL, NULL, 1, 1, 'omj0ZuLyk7wMqFnQo58ESsyQq0Lc', '外公'),
(548, 'FUoSo1476449948', NULL, NULL, 1445840345, 0, 0, 0, NULL, '中国浙江宁波', 'http://wx.qlogo.cn/mmopen/ut6E27iaeZRxYpNchcUa3MaW5eianYyCw6GpNu01nibb9szJ6NA3TutHOkWvnmAZa1URiaDeicRWNEGdUcTUErb8pnIXskAJXcbUU/0', NULL, NULL, NULL, NULL, NULL, NULL, 1, 1, 'omj0ZuCZK74T2bYNkDuK9iFFUoSo', '安逸'),
(549, 'laNAI1476449948', NULL, NULL, 1437993943, 0, 0, 0, NULL, '中国浙江宁波', 'http://wx.qlogo.cn/mmopen/qsib5Tb1bC7PRJzRpmvwZ2UwzL5kcJkwJT9XW5A0VXBibPw5Fa3FdWKU1ib341eHTserOknJOFwZmU2HooDrvHibquEBlqSsGvdQ/0', NULL, NULL, NULL, NULL, NULL, NULL, 1, 1, 'omj0ZuLk2f7Ggawrw8Q7ya0laNAI', 'Believe相信'),
(550, 'q6E901476449948', NULL, NULL, 1475979728, 0, 0, 0, NULL, '中国上海松江', 'http://wx.qlogo.cn/mmopen/5OjFv8Hupiac6WG8V9QiajpybLaDpedJyvA0zzCSSlxpIXQkAG5g21uibDpibCt8AAmcSVu5Od79K5AlEImvf0XTvng5cCtOia3xv/0', NULL, NULL, NULL, NULL, NULL, NULL, 1, 1, 'omj0ZuPSxyQDbqHV2yHn-DDq6E90', '汤汤'),
(551, '0i6NE1476449948', NULL, NULL, 1422072334, 0, 0, 0, NULL, '中国浙江宁波', 'http://wx.qlogo.cn/mmopen/9tqbrf6Bf0P2T0qOsNBQTTnQ1WZzyArpogXQaicjttibBS9hlAia1qibkaCq4xico3clLPtpglEmngSjnBiapeibqMmEp8cbaj0BNND/0', NULL, NULL, NULL, NULL, NULL, NULL, 1, 1, 'omj0ZuJed263uDzcPTHZ7520i6NE', '((≡≡))哆啦A梦'),
(552, '4avIk1476449948', NULL, NULL, 1447132776, 0, 0, 0, NULL, '中国四川绵阳', 'http://wx.qlogo.cn/mmopen/ut6E27iaeZRxYpNchcUa3MbuCNaUFpQJIbh68ORAic5ib47UKr4HdriaFz9zDxRibWP82UzMqHX5ZPxA6tXcGkib3NsZSSRwWtNPQJ/0', NULL, NULL, NULL, NULL, NULL, NULL, 1, 1, 'omj0ZuDlQMG66bSuNy597ch4avIk', ' 冬天'),
(553, 'TGtC41476449948', NULL, NULL, 1444314799, 0, 0, 0, NULL, '中国北京朝阳', 'http://wx.qlogo.cn/mmopen/qsib5Tb1bC7PRJzRpmvwZ2TVia5Alu8vvTk0GPOGnqe55QbFnBttkMVYOuc1ASicibuxJQbAXvbyX6jQw6DT6iakWOfTKbsibHRFZY/0', NULL, NULL, NULL, NULL, NULL, NULL, 1, 1, 'omj0ZuNBgZ5OHJ-5Wo482GdTGtC4', '电影.编导.音乐唱作人董旭东'),
(554, 'tIhFM1476449948', NULL, NULL, 1447223472, 0, 0, 0, NULL, '', 'http://wx.qlogo.cn/mmopen/6OI3a0xDq9STiaTZWrdPxyQ0O5IYPFmgcERiaFJxrCpICsXY1TH3pviagUD5iaxwBgoQPHiaFpVNuGLou5aZTHibtwZFq16Ek88y1Y/0', NULL, NULL, NULL, NULL, NULL, NULL, 1, 1, 'omj0ZuAMx2UHpIR6S_ia5rRtIhFM', '中粮魏堃'),
(555, '6SCzY1476449948', NULL, NULL, 1430183965, 0, 0, 0, NULL, '中国浙江宁波', '', NULL, NULL, NULL, NULL, NULL, NULL, 1, 1, 'omj0ZuJL4xwZ0Y6hoedX96s6SCzY', '宁波甬能电子商务有限公司'),
(556, 'ymdx81476449948', NULL, NULL, 1433553648, 0, 0, 0, NULL, '阿尔及利亚', 'http://wx.qlogo.cn/mmopen/qsib5Tb1bC7PRJzRpmvwZ2RuRJISMHIfoiaaQxlzLRRzf2tbVcjsqV0lUIfaaBKXjsqVBMzBicJFricN3Rc5LJD1YleaCtnZuYibf/0', NULL, NULL, NULL, NULL, NULL, NULL, 1, 1, 'omj0ZuPBao-05T9b7Iib-qEymdx8', '漆思含'),
(557, 'GG6sQ1476449948', NULL, NULL, 1457142339, 0, 0, 0, NULL, '', 'http://wx.qlogo.cn/mmopen/Q3auHgzwzM58In7pAfPRicRy5iao7H25XnnAv571qZabYkN2RxibCy4BWpM9iap6GWupXOMREkt53Iibod6qibbJnGsnMB3XpKknMariaAPTHtWr5Y/0', NULL, NULL, NULL, NULL, NULL, NULL, 1, 1, 'omj0ZuDJGee_cIGNR9U58ebGG6sQ', '周叶君'),
(558, 'Jotp01476449948', NULL, NULL, 1476117165, 0, 0, 0, NULL, '阿尔巴尼亚', 'http://wx.qlogo.cn/mmopen/qsib5Tb1bC7MArSCNo2vLPAAADcyESrcCP8VV0pBPqbSohme9syLr1bJxfK6jaCZqJkXLUduP3Q4wia5n18MWyibaEMibjJhN4A7/0', NULL, NULL, NULL, NULL, NULL, NULL, 1, 1, 'omj0ZuJqCISr0Cj1dqLmSSpJotp0', 'Ki'),
(559, '0RVLo1476449948', NULL, NULL, 1430874864, 0, 0, 0, NULL, '新加坡', 'http://wx.qlogo.cn/mmopen/ut6E27iaeZRxYpNchcUa3MWPQcr2KIrBIbae3m1VSowhrGAvu30z5zMEUWV930pKucN6vrDPkrgH8MQr8QwZicK1Wb3jvMzrcg/0', NULL, NULL, NULL, NULL, NULL, NULL, 1, 1, 'omj0ZuLo4SeHlhVQw6dq5Dt0RVLo', '幸运星'),
(560, 'FTRIU1476449948', NULL, NULL, 1474872194, 0, 0, 0, NULL, '中国广东深圳', 'http://wx.qlogo.cn/mmopen/qsib5Tb1bC7PL2tqs8HWXrfJicrf8hEnqVoozFicyqpUGcZTCniareYU851AYv2KsPAf6CQ2BDBxicDNRK8A0TlyCYjuIEP1ceMiaX/0', NULL, NULL, NULL, NULL, NULL, NULL, 1, 1, 'omj0ZuG3IqG9keTc-7J3Vn5FTRIU', '张三'),
(561, '3IakA1476449949', NULL, NULL, 1450067252, 0, 0, 0, NULL, '中国浙江宁波', 'http://wx.qlogo.cn/mmopen/ut6E27iaeZRxYpNchcUa3Mdug9nvdj64ID2JbOoEYK3mUQ7UpkLRHx83C4Xp7icXsKW8kPialSEzlRqqRZibsZNvc7euOcw5pyYY/0', NULL, NULL, NULL, NULL, NULL, NULL, 1, 1, 'omj0ZuKbL1ejlCaXHTqnD8-3IakA', '大树小隐'),
(562, 'RnDWE1476449949', NULL, NULL, 1430970141, 0, 0, 0, NULL, '中国浙江宁波', 'http://wx.qlogo.cn/mmopen/ut6E27iaeZRwVHU8A3wsDEuScuD9WicbmuDuW6oxzibHsK8joZ0mD1PrdMnPsdX3SFTbSicvMYVicqyY9BuY4XOEwBIarW1NL1VVR/0', NULL, NULL, NULL, NULL, NULL, NULL, 1, 1, 'omj0ZuGky7QxwTwIn0wp9f0RnDWE', '腾讯企业产品-宁波渠道孙智慧'),
(563, 'cUnX01476449949', NULL, NULL, 1474954897, 0, 0, 0, NULL, '中国四川成都', 'http://wx.qlogo.cn/mmopen/5OjFv8Hupiaf43dicaJPIvBDjl6OZ7ibibWZicvhkZl97l20BDVPYL3FAP22zPgVThE4bfV7Q1GhwIBLrBMuw5ObuZNtW6fTcJQ2L/0', NULL, NULL, NULL, NULL, NULL, NULL, 1, 1, 'omj0ZuLTQCT563TxxSrWohgcUnX0', '天空'),
(564, 'ftmRo1476449949', NULL, NULL, 1434781698, 0, 0, 0, NULL, '中国浙江宁波', 'http://wx.qlogo.cn/mmopen/qsib5Tb1bC7PRJzRpmvwZ2fkDUqUzvsoJgUgXticfrwXeEG77rX5dyNMwEktTstRWAQib2VpMrB2iaDOq9iaCIOCDRtnnlGIGGIAN/0', NULL, NULL, NULL, NULL, NULL, NULL, 1, 1, 'omj0ZuDAwujHyiQKh-cQTWeftmRo', '董兵卿'),
(565, 'hQ2wU1476449949', NULL, NULL, 1461563468, 0, 0, 0, NULL, '爱尔兰奥法利', 'http://wx.qlogo.cn/mmopen/PiajxSqBRaEJAaHYQ0MtHLJfSBjB8CBFHusfkxBicddgBce13hibhHOHar0EG9oQtkIbaBR9PcicnW0h1dYtzUsuZicZxZerC5wjyb4GgBpByWb4/0', NULL, NULL, NULL, NULL, NULL, NULL, 1, 1, 'omj0ZuJtJi-Zzu7sr8lW_R6hQ2wU', '我是不是该安静的离开'),
(566, 'bFMDk1476449949', NULL, NULL, 1476278662, 0, 0, 0, NULL, '中国上海宝山', 'http://wx.qlogo.cn/mmopen/qsib5Tb1bC7PRJzRpmvwZ2bskUYGALCoS9MAOicXzs6eLq3GnOz53QMEBkkw7KSwjKagSibAOUGo3h98ZicEmapKP35OKToS4zwB/0', NULL, NULL, NULL, NULL, NULL, NULL, 1, 1, 'omj0ZuPR3eErbTne6AAUU49bFMDk', '易联商城'),
(567, 'fclbo1476449949', NULL, NULL, 1430364694, 0, 0, 0, NULL, '中国浙江宁波', 'http://wx.qlogo.cn/mmopen/wcib2GksmGOmJcTO0Yyxnyl30WcPkKkMiavNCgjiapn80x6BJ0W5xsb9hDAtpDqHeGUTjhIEwU6p6qCnCyw2ylQ1VIhLWaQqDzB/0', NULL, NULL, NULL, NULL, NULL, NULL, 1, 1, 'omj0ZuPmPddtDy37x7g5Vhhfclbo', 'Stone'),
(568, 'C_bnI1476449949', NULL, NULL, 1475253576, 0, 0, 0, NULL, '安道尔', 'http://wx.qlogo.cn/mmopen/qsib5Tb1bC7PRJzRpmvwZ2Uk7mQQpqEmXibLFOgjFvoCjsLhLm9O6PibUH3qNcXBGrVOuXrjgRstEhicQUuicIeWN2CHXHSEHl2IH/0', NULL, NULL, NULL, NULL, NULL, NULL, 1, 1, 'omj0ZuNSxcgHkHtJg7BbRAhC_bnI', '英杰华月'),
(569, '2qVc01476449949', NULL, NULL, 1447919928, 0, 0, 0, NULL, '', 'http://wx.qlogo.cn/mmopen/ut6E27iaeZRydIoIWewUKuTGxhkkANekcDxRoj8UMm9Ot00CCq3tK80j7qTRViagicmNsZpmHOGd5mdZuCZQjOhy3VePTmkyFR1/0', NULL, NULL, NULL, NULL, NULL, NULL, 1, 1, 'omj0ZuDdtf9Nec7PYWfGrTj2qVc0', '言'),
(570, 'M9hMM1476449949', NULL, NULL, 1447029784, 0, 0, 0, NULL, '中国浙江温州', 'http://wx.qlogo.cn/mmopen/5OjFv8Hupiac6WG8V9QiajpwU9icuibAicbVvvm6LflzFW6RCfmqb93c7A48mian51SbVBnyDxGtX01ziaOicHEW7xdQv8JT9mdmc3Fn/0', NULL, NULL, NULL, NULL, NULL, NULL, 1, 1, 'omj0ZuHHzCzL4APNdhQUirYM9hMM', 'gxg'),
(571, 'n0nZQ1476449949', NULL, NULL, 1429162647, 0, 0, 0, NULL, '中国浙江宁波', 'http://wx.qlogo.cn/mmopen/wcib2GksmGOmJcTO0YyxnymEd8kwoBpTVIRaqfx2qOe0JKWBBFW7vqqkn4pAPM11rS1Rc6Wy47ydick4u3yTb3hibIaulxiaQABZ/0', NULL, NULL, NULL, NULL, NULL, NULL, 1, 1, 'omj0ZuI7QVDmZArgRMQC21wn0nZQ', 'FXX'),
(572, 'aK-Jo1476449949', NULL, NULL, 1434021392, 0, 0, 0, NULL, '中国浙江宁波', 'http://wx.qlogo.cn/mmopen/5OjFv8HupiafNzZy9msxUdV2R9PF6qbGMCNVHht9JiakKJyhcESIZWTtoGbkenlpj3OC9lzrnaExN8OZRu9ueqLJagiapbpMNb6/0', NULL, NULL, NULL, NULL, NULL, NULL, 1, 1, 'omj0ZuJFHn0-3c_nEmCtsIQaK-Jo', '彩虹万里'),
(573, 'Xvako1476449949', NULL, NULL, 1433831904, 0, 0, 0, NULL, '中国浙江宁波', 'http://wx.qlogo.cn/mmopen/5OjFv8Hupiac6WG8V9Qiajp815Vo3KEt1qYA6OHAziaKYjBOickIib3sEvjjfIxoxI7MPjfa0d6s0uUh5HIJ5h5PAHoTjX6YVCBU1/0', NULL, NULL, NULL, NULL, NULL, NULL, 1, 1, 'omj0ZuJBw3-z4HRLL-QFWT0Xvako', 'Ze.'),
(574, 'VmL8E1476449949', NULL, NULL, 1457311700, 0, 0, 0, NULL, '冰岛', 'http://wx.qlogo.cn/mmopen/ut6E27iaeZRxYpNchcUa3MWzMdrj0pbvd7dmvsDsq2ia91Giaib1nEgQPNIwrYjmlJ0UBhiahATKlM37Cib0QjROdJIwHPianoZwJ4b/0', NULL, NULL, NULL, NULL, NULL, NULL, 1, 1, 'omj0ZuAAr6545LP6eHkNfWRVmL8E', '我姓 罗'),
(575, 'xwqeU1476449949', NULL, NULL, 1476181646, 0, 0, 0, NULL, '中国河南洛阳', 'http://wx.qlogo.cn/mmopen/ut6E27iaeZRxYpNchcUa3MU5SCw9sAZSkNuOouPY5BicDxQBIWbeeo0B3SpBlfm02HDkXelk4XZ9Z7cgEfkibNbibrnnCHttnhGA/0', NULL, NULL, NULL, NULL, NULL, NULL, 1, 1, 'omj0ZuHAkEb46UVKBjBXFPCxwqeU', 'A~做网站杨少峰'),
(576, '_QLXk1476449950', NULL, NULL, 1476151507, 0, 0, 0, NULL, '中国山东济宁', 'http://wx.qlogo.cn/mmopen/5OjFv8Hupiac6WG8V9Qiajp5Gs2ZSxPYnEcEFKzXkzQVAlsYIlnIa6YLlbL4t0SguaqUTsHnhGRZLEHUzZKpWibAE73WMicSu0kQ/0', NULL, NULL, NULL, NULL, NULL, NULL, 1, 1, 'omj0ZuEG1n_wYjZFE9RH8eg_QLXk', '王赵 一      '),
(577, '2LMaA1476449950', NULL, NULL, 1436535402, 0, 0, 0, NULL, '中国浙江宁波', 'http://wx.qlogo.cn/mmopen/ajNVdqHZLLBcLzz9licxIhzuGSic2wu5vkqKYDJFDMXAsicFqMoEmQWJYog79DRzuIeQjuicBnFd3nwThpgWic1thjA3n0T3TljRdQicjkdpsyvwo/0', NULL, NULL, NULL, NULL, NULL, NULL, 1, 1, 'omj0ZuCngruQdEeS--Q-_2C2LMaA', '张磊明'),
(578, 'zyzpE1476449950', NULL, NULL, 1426484874, 0, 0, 0, NULL, '中国浙江宁波', 'http://wx.qlogo.cn/mmopen/Q3auHgzwzM5mvndFoGEzicZutZawE3Ru41CiaUH0o8mjIgUpHCh5vv3pkC6QKWA523pfGknGejOYxTlpBYCJoN6VrPZvMyN0CbZXK70rlPflg/0', NULL, NULL, NULL, NULL, NULL, NULL, 1, 1, 'omj0ZuNJ3-Q78X2zUdhiVZSzyzpE', 'A，励智教育_李文峰'),
(579, 'UfQss1476449950', NULL, NULL, 1476411331, 0, 0, 0, NULL, '中国湖北武汉', 'http://wx.qlogo.cn/mmopen/qsib5Tb1bC7PRJzRpmvwZ2Y2qZUZBH302mSI1SiaR6ic9rqDp8q6qSg7E2sz90RkfR87iapB9bRvrbngjLWW6vx8UMyVSy4lGKMc/0', NULL, NULL, NULL, NULL, NULL, NULL, 1, 1, 'omj0ZuDFCcV0YYp5b9x9n2yUfQss', '宋磊'),
(580, 'TVN601476449950', NULL, NULL, 1449467660, 0, 0, 0, NULL, '中国浙江绍兴', 'http://wx.qlogo.cn/mmopen/ut6E27iaeZRxYpNchcUa3MTYX7SFJ2fCvzl3oHJSPGx0qRIGXOqb7KribFkK9dfBbNk84EX9QqSibVgP9xyJywcPpYD41DiapKoz/0', NULL, NULL, NULL, NULL, NULL, NULL, 1, 1, 'omj0ZuH9YY2StZGowOpGNg8TVN60', '流年之殇'),
(581, 'L558A1476449950', NULL, NULL, 1476005290, 0, 0, 0, NULL, '中国北京丰台', 'http://wx.qlogo.cn/mmopen/5OjFv8Hupiac6WG8V9QiajpiboQpbhXFsdCpqTKOHbicYBoyzziaicvUmASl4PcqAG8zl3sAmEVzSTfxK34t8arzExhs4XGyibCHuiaJ/0', NULL, NULL, NULL, NULL, NULL, NULL, 1, 1, 'omj0ZuJxkrcy1gdzNLfIJegL558A', '时光'),
(582, 'pVV1Y1476449950', NULL, NULL, 1433637752, 0, 0, 0, NULL, '中国浙江宁波', 'http://wx.qlogo.cn/mmopen/qsib5Tb1bC7N9GiamWsxgtYNy5WMG5g1VkJcHdlPNb6Ap2nEvtTTuQURTfXdr47tCYXC1QhO9iclUic5Ql3E0LgflG0apU72RvSf/0', NULL, NULL, NULL, NULL, NULL, NULL, 1, 1, 'omj0ZuHmFZAErvlU3BMH2pvpVV1Y', '比你聪明的猪'),
(583, 'K0sT81476449950', NULL, NULL, 1443316314, 0, 0, 0, NULL, '中国上海浦东新区', 'http://wx.qlogo.cn/mmopen/qsib5Tb1bC7PRJzRpmvwZ2eZPVok3gbKNGBia0EVJzHiah60XrxwGLhMaXwtFnGdxnbZHPYiaouU8ZTHC434Tia0Xl6u7VL7M9EsA/0', NULL, NULL, NULL, NULL, NULL, NULL, 1, 1, 'omj0ZuLVe8x_S2o5YslbAAWK0sT8', '秋风落叶扫'),
(584, 'r30LQ1476449950', NULL, NULL, 1476149222, 0, 0, 0, NULL, '中国江西景德镇', 'http://wx.qlogo.cn/mmopen/ut6E27iaeZRxYpNchcUa3McTm4Wic6vicAeiaKrY9kcJ4dqSicCIkdObFYPEXziaZGDloWG1BuI66WrP8ubBE6UeJmGiaK20WX0UECf/0', NULL, NULL, NULL, NULL, NULL, NULL, 1, 1, 'omj0ZuDD7_f_7COBPp092e0r30LQ', '携成金融网【中国】—蔡建金'),
(585, '5ERmA1476449950', NULL, NULL, 1435564772, 0, 0, 0, NULL, '中国浙江宁波', 'http://wx.qlogo.cn/mmopen/ut6E27iaeZRxYpNchcUa3McCn2mc7hFrPWyicou7FcoyXKJGUcQYDFiaAyOzXksNezMCdeW51p3jGSSPAxmrT0OzBRYYmphE3An/0', NULL, NULL, NULL, NULL, NULL, NULL, 1, 1, 'omj0ZuLhuIsGflh7AmSyqzj5ERmA', '李占立'),
(586, 'p7e1I1476449950', NULL, NULL, 1447735923, 0, 0, 0, NULL, '中国浙江宁波', 'http://wx.qlogo.cn/mmopen/ut6E27iaeZRzPibwlNAL3D5OBe0GKoYnL2uz3rf6mXX5rsE6QYea5uqep3rU4H2550aPn9RnNT71rDezNTBbrL86nF3Vqv6kTX/0', NULL, NULL, NULL, NULL, NULL, NULL, 1, 1, 'omj0ZuJ164Xks45bk9tR1wCp7e1I', 'Under_Bwolf'),
(587, '6TC5E1476449950', NULL, NULL, 1438151083, 0, 0, 0, NULL, '中国浙江宁波', 'http://wx.qlogo.cn/mmopen/qsib5Tb1bC7PRJzRpmvwZ2RZHLWYKWQkky2KR53sTyrLXdwOj35Kg3HUoFq3cvKIBZTXgibSiaJOkMqH2fBCbOmibPOkU0icr6uK4/0', NULL, NULL, NULL, NULL, NULL, NULL, 1, 1, 'omj0ZuNJmNojTqfqe4pLq_O6TC5E', '阿逗'),
(588, 'i4feY1476449950', NULL, NULL, 1430106546, 0, 0, 0, NULL, '中国浙江宁波', 'http://wx.qlogo.cn/mmopen/ut6E27iaeZRwoaX35WSAstMicdXcmOw0RZpoqjONNHWkXORy3BSHNeJr4s4x5I86QFfw6JcSJGb1jsZrVcicCiblWicIGib6EuJsXS/0', NULL, NULL, NULL, NULL, NULL, NULL, 1, 1, 'omj0ZuBgbop7KYcRximMQk9i4feY', '双华移门淋浴房李琴13736178896'),
(589, '5iEjU1476449950', NULL, NULL, 1421638758, 0, 0, 0, NULL, '中国浙江宁波', 'http://wx.qlogo.cn/mmopen/5OjFv8Hupiac6WG8V9Qiajp4aT2H7oCfepjnSdaicibHJ3g3IiabHdZEgZBfHuohmSicgSSAOsYWYLkqsTfHAbMY1yJsIeNvgJJbcX/0', NULL, NULL, NULL, NULL, NULL, NULL, 1, 1, 'omj0ZuO6hCwiGCWM_WGkWHU5iEjU', 'PP青'),
(590, 'BQn3U1476449950', NULL, NULL, 1415631806, 0, 0, 0, NULL, '中国浙江宁波', 'http://wx.qlogo.cn/mmopen/jL0tGvQtMFkiagfbakicZ0h48aXl3oJ65JYpWc08bqSaWE8XAAqxo8WL3Cm7iapOXqQWqISvg9A0nFkSVFaSVyC1ibt8XeXylCMp/0', NULL, NULL, NULL, NULL, NULL, NULL, 1, 1, 'omj0ZuFuRno9sszpLgcQgclBQn3U', '爱妃'),
(591, 'AcMtg1476449950', NULL, NULL, 1476156146, 0, 0, 0, NULL, '中国湖北武汉', 'http://wx.qlogo.cn/mmopen/qsib5Tb1bC7PRJzRpmvwZ2b2g7YQnxHxkhagFghkoQaicwZicicY0djqTx3U1npnibwMDAwVFTrzvDlicJF6BT2BsufCeUWPhtHpRic/0', NULL, NULL, NULL, NULL, NULL, NULL, 1, 1, 'omj0ZuEaKPLnwzImyHDzIvHAcMtg', '开心二进制'),
(592, 'cjyfg1476449951', NULL, NULL, 1434716781, 0, 0, 0, NULL, '澳大利亚维多利亚墨尔本', 'http://wx.qlogo.cn/mmopen/wcib2GksmGOmJcTO0YyxnyrvoOCqXm9oriat9hMpibRyIJHLTQDGvlLfRDI6yCfLAgJMxLZG3L7Pd7O25bx5CiaEYTY4MgvMQlpI/0', NULL, NULL, NULL, NULL, NULL, NULL, 1, 1, 'omj0ZuPDd6eMVkBJ8WzFPWtcjyfg', '星'),
(593, '4M5_s1476449951', NULL, NULL, 1466820186, 0, 0, 0, NULL, '中国浙江宁波', 'http://wx.qlogo.cn/mmopen/BMa1cib2IkhblYLQme8NnSHB5NjRFUTB6EEhSr1cq8W0AGu0SicAYIzhUW0bOrkZhgl4Z45XJdxZPibNib9LO4Kz7DCencG0icbjk/0', NULL, NULL, NULL, NULL, NULL, NULL, 1, 1, 'omj0ZuG7u3xecNYMOEYjBvG4M5_s', '应明儿'),
(594, 'TYWoA1476449951', NULL, NULL, 1441157942, 0, 0, 0, NULL, '中国湖北荆州', 'http://wx.qlogo.cn/mmopen/wcib2GksmGOmJcTO0Yyxnyula232cDwCia32bJemQG8oVpYGR1TEkRx4qECCnl6LX19gRzMTMPVsp2PfjGe89qmopZial9XFsibd/0', NULL, NULL, NULL, NULL, NULL, NULL, 1, 1, 'omj0ZuGdLKUEhloVjPYPXsnTYWoA', '邓境'),
(595, 'cT28o1476449951', NULL, NULL, 1439864356, 0, 0, 0, NULL, '中国浙江宁波', 'http://wx.qlogo.cn/mmopen/ut6E27iaeZRxYpNchcUa3MVRUSoBEwlRRz4KVjC2IzR7icmiaK9LOHgTLUh7bIg1P4XyRTvjML6lLp4ALW7zpxibZyqpQmSn3X7c/0', NULL, NULL, NULL, NULL, NULL, NULL, 1, 1, 'omj0ZuALDmZNxJqSHnbyB1fcT28o', 'A程 雄|光芒水箱13777216970'),
(596, 'DUzrg1476449951', NULL, NULL, 1436528235, 0, 0, 0, NULL, '', 'http://wx.qlogo.cn/mmopen/Q3auHgzwzM6exGdPzPOC0vEuvE0ow1YsPSlZFfpcbd866EODCFd3Vssh9vXoticbKw2oonzrHxEvm4PhE2ib0alC4doicqrmUPcPD2KhCdnq7c/0', NULL, NULL, NULL, NULL, NULL, NULL, 1, 1, 'omj0ZuIdK2w5CFZMQ4-FNrQDUzrg', '平常心'),
(597, 's2_3I1476449951', NULL, NULL, 1457142676, 0, 0, 0, NULL, '中国浙江宁波', 'http://wx.qlogo.cn/mmopen/qsib5Tb1bC7PRJzRpmvwZ2QsvvOmXwoZUhIBc2rx9VvKc6KwDrZYiaxFdvJTKtut2f2UXJibL2Cw3k4k7cpHkg2C4APGqbPoDjb/0', NULL, NULL, NULL, NULL, NULL, NULL, 1, 1, 'omj0ZuMYF2YWP0hEKJFSH3Bs2_3I', '清风疏影'),
(598, 'Hr6I81476449951', NULL, NULL, 1437046645, 0, 0, 0, NULL, '中国浙江宁波', 'http://wx.qlogo.cn/mmopen/5OjFv8Hupiac6WG8V9Qiajp54bfhYoHXDLC3MMRhGQNicuaPtpiaz0SFyMEAk7jUqu59pYjVGoflWMdQeYr4V0uNtoQYVJh5v6Qic/0', NULL, NULL, NULL, NULL, NULL, NULL, 1, 1, 'omj0ZuMvbDbSdpFKEQMPEo_Hr6I8', '正正'),
(599, 'oP-GE1476449951', NULL, NULL, 1421579743, 0, 0, 0, NULL, '中国浙江宁波', 'http://wx.qlogo.cn/mmopen/qsib5Tb1bC7PRJzRpmvwZ2YV1Qggz1PSCdibliammYsqziajefxdF7LKx3R9dt1EjrXkqx9AeZnyjLYX7nH17dwV8wy2spiasNx9W/0', NULL, NULL, NULL, NULL, NULL, NULL, 1, 1, 'omj0ZuFIQfH5jVKC9rAFpmcoP-GE', 'yEs、Bill ^XieCIXI-15867249020'),
(600, 'YKjO01476449951', NULL, NULL, 1425441335, 0, 0, 0, NULL, '中国天津南开', 'http://wx.qlogo.cn/mmopen/5OjFv8HupiaeibmF3uUBbXCItlZQrvWXxicAbng0paJQFyfJia7gMAuYGuDuy75eiaA8jwmqibdkgWM60R3n6gb2Xmlrhyx4lwNwLp/0', NULL, NULL, NULL, NULL, NULL, NULL, 1, 1, 'omj0ZuMvv2M6Q4-l2j6J6ghYKjO0', '雅士得罗学军'),
(601, '9Ojdw1476449951', NULL, NULL, 1474419979, 0, 0, 0, NULL, '中国广东广州', 'http://wx.qlogo.cn/mmopen/ALE3R0IAAzTTvuBjpNGvF5RZomGr2DjjEMERey6ZkbjpUwPOwkS6bdjJibfib6ArMWYNlaYRRWiaP7Vq9al4d3Vicb7dJ5LOetqB/0', NULL, NULL, NULL, NULL, NULL, NULL, 1, 1, 'omj0ZuAi98bYf_2jRc-_QxU9Ojdw', '云淡风轻'),
(602, '7PDaA1476449951', NULL, NULL, 1466820106, 0, 0, 0, NULL, '中国浙江宁波', 'http://wx.qlogo.cn/mmopen/9tqbrf6Bf0P2T0qOsNBQTaO4ANqxjdJyI4XcwhwyBibk2BTVPKOj0EndcTeBs7RAicmCLnjKHTzLibXBRNiacSz3Yh7AkamViaFG5/0', NULL, NULL, NULL, NULL, NULL, NULL, 1, 1, 'omj0ZuPUJRWWSrrfuMdV_Ga7PDaA', '从新开始'),
(603, 'jTPAU1476449951', NULL, NULL, 1474089775, 0, 0, 0, NULL, '菲律宾马尼拉', 'http://wx.qlogo.cn/mmopen/5OjFv8HupiaeEaxU4Gjib5l4LLsXzVEpJkvJUj3ibdaPrxheHrrW9icX0ICtDNM79RGsffeDBHwmnw2EG7Uk8iaBueVTakNvFSrnY/0', NULL, NULL, NULL, NULL, NULL, NULL, 1, 1, 'omj0ZuBpq1T6vvCqu0r3gtojTPAU', '可人'),
(604, 'LmNoE1476449951', NULL, NULL, 1447640176, 0, 0, 0, NULL, '中国浙江宁波', 'http://wx.qlogo.cn/mmopen/qsib5Tb1bC7PRJzRpmvwZ2YC7kibXKTBIicKt9dsicZHw52ib0KQdv7X8of9qB2icw5wA14PCGyJreSJqJqBlu34cxia7oRVy4OicDLn/0', NULL, NULL, NULL, NULL, NULL, NULL, 1, 1, 'omj0ZuEHaxZ_qOwfutbObkILmNoE', '董剑彪'),
(605, 'UP4GQ1476449951', NULL, NULL, 1433316679, 0, 0, 0, NULL, '阿尔巴尼亚', 'http://wx.qlogo.cn/mmopen/ut6E27iaeZRyWxvV2pDRFoSBsJ9ouxdZYicL8SXCaQ3sPjPuD0YVyBicfkOod1fmjlO2ibiaUq1ic1uwhwwR0h5ZRPq2QntX8dN4JM/0', NULL, NULL, NULL, NULL, NULL, NULL, 1, 1, 'omj0ZuKPTHxu9X7-YH3lEw-UP4GQ', 'yu'),
(606, 'lKEBs1476449951', NULL, NULL, 1475137482, 0, 0, 0, NULL, '中国湖北武汉', 'http://wx.qlogo.cn/mmopen/qsib5Tb1bC7PRJzRpmvwZ2fbM4m1IGAwG9ibib3r1KibedlNuiaYPGCclczhPibmVmCiaOGx8ic6ich2Qa1icBUVw0H8oW47UOqBlP7pYc/0', NULL, NULL, NULL, NULL, NULL, NULL, 1, 1, 'omj0ZuFAQiSbh9hV0UnpFynlKEBs', '创世'),
(607, 'bmNu81476449951', NULL, NULL, 1475591912, 0, 0, 0, NULL, '中国江苏无锡', 'http://wx.qlogo.cn/mmopen/qsib5Tb1bC7PRJzRpmvwZ2Sph8YPXLczmCKMW0UH80tWc6IZiccjwImQZuFTib6QnrSOYW2JiahhfSSRbXiafMMWQibVY6GicSwcGxA/0', NULL, NULL, NULL, NULL, NULL, NULL, 1, 1, 'omj0ZuME6zmsdhizSlQda67bmNu8', '张震'),
(608, '56jo41476449952', NULL, NULL, 1475991903, 0, 0, 0, NULL, '美国', 'http://wx.qlogo.cn/mmopen/qsib5Tb1bC7PRJzRpmvwZ2XQtRuXUKs6SwqicribL6j7JTWyV7SC2dOx7AFoB1ByDLE6PV50Szib4ktCAty5N3TzEbBMB2dsEIYI/0', NULL, NULL, NULL, NULL, NULL, NULL, 1, 1, 'omj0ZuHbB3udWnCl_QMqpVX56jo4', '过眼云烟'),
(609, '-0FZs1476449952', NULL, NULL, 1463570644, 0, 0, 0, NULL, '中国北京朝阳', 'http://wx.qlogo.cn/mmopen/qsib5Tb1bC7PRJzRpmvwZ2XbYJqbNJvPicLUsKfjkNl5Id5LST46FdwibQzl794VkRqjxXjicglWtt8Ne6H85w2kp9kVBlHeNxUE/0', NULL, NULL, NULL, NULL, NULL, NULL, 1, 1, 'omj0ZuEmdqg00MWXEPKfQw--0FZs', '周三少'),
(610, 'ClWL41476449952', NULL, NULL, 1428574951, 0, 0, 0, NULL, '中国北京海淀', 'http://wx.qlogo.cn/mmopen/qsib5Tb1bC7PRJzRpmvwZ2Wa6kAwI2H2TrVWu7q5ThJabYkEX30icI0chcBoGgLPVHTPBC5qibnTdApWnsyEKDq67gHJEjia8Bdz/0', NULL, NULL, NULL, NULL, NULL, NULL, 1, 1, 'omj0ZuDyhZHKXVC2d4jKDo5ClWL4', '王洪平'),
(611, 'ql5yY1476449952', NULL, NULL, 1436511525, 0, 0, 0, NULL, '中国浙江宁波', 'http://wx.qlogo.cn/mmopen/Q3auHgzwzM6K9vx32lBQEeF0GIWu9Cb59yuTjjFEyYv6L5Gr5FV0ojwQnYj3R8Awe0Shruia4JA3ed8QqMjraeGL2wZzz2zkuuuQ6a1ibHibUY/0', NULL, NULL, NULL, NULL, NULL, NULL, 1, 1, 'omj0ZuGjrvwJjUfT7prdO3fql5yY', '初阳文化'),
(612, '1d6Ss1476449952', NULL, NULL, 1444352159, 0, 0, 0, NULL, '中国广东深圳', 'http://wx.qlogo.cn/mmopen/9tqbrf6Bf0P2T0qOsNBQTRNC8HPg77Qc0gHw7icQ6RnickHaWg0fX6XTsnTf9nFYd7lapB5FjjrWbIZl8hedPHDUfm1Wib69JLb/0', NULL, NULL, NULL, NULL, NULL, NULL, 1, 1, 'omj0ZuKqokJbUZkCJvT5OeN1d6Ss', '阿俊'),
(613, 'pY4301476449952', NULL, NULL, 1449154916, 0, 0, 0, NULL, '中国浙江丽水', 'http://wx.qlogo.cn/mmopen/qsib5Tb1bC7PRJzRpmvwZ2ZmlDNsiaOQsJ4PX5S3odia0icxic1HCsibX6BhKiacibltdwByIgQ0RgmwojOlWl9cbG1dib8PibgutdvViaM/0', NULL, NULL, NULL, NULL, NULL, NULL, 1, 1, 'omj0ZuM_X1mFzVQRj_C4XYepY430', '何海涛创业顾问'),
(614, 'bOrbc1476449952', NULL, NULL, 1460562038, 0, 0, 0, NULL, '', 'http://wx.qlogo.cn/mmopen/qsib5Tb1bC7PHcjTvdoSMOYNL3TECn4Nen8qKiaKZRgSRwjicqic0oK2Ne55lIFp0rVtTjuSFLTHuqDOl3xMOIweV8XCutuIvY8w/0', NULL, NULL, NULL, NULL, NULL, NULL, 1, 1, 'omj0ZuKwBr7iiNJh-yZCPr9bOrbc', '娅妈'),
(615, 'epQk01476449952', NULL, NULL, 1475155827, 0, 0, 0, NULL, '中国云南昆明', 'http://wx.qlogo.cn/mmopen/u3ztK9lcibqVcggO6e8Ra7NwCTG35XOyoL2aAzX2IYemGbEgwXY1a3iaNCic4dsVricY8ANPl9wSJOdllV0RNztF5VTeMVWDWuON/0', NULL, NULL, NULL, NULL, NULL, NULL, 1, 1, 'omj0ZuP85GZNwgTe_s95KQjepQk0', '休~咻'),
(616, 'xniyc1476449952', NULL, NULL, 1430874796, 0, 0, 0, NULL, '', 'http://wx.qlogo.cn/mmopen/5OjFv8Hupiafkn9GicWzmNUCRB2WuQd5dhGGQfZQXmYfkW03bydOZQO5ibkgzgPqRNEGvEle6T4JRQmGqptAswiaykJCk01LIBGW/0', NULL, NULL, NULL, NULL, NULL, NULL, 1, 1, 'omj0ZuIJJRQjoFc8N-ns8Iwxniyc', '悦风'),
(617, 'MnqKU1476449952', NULL, NULL, 1429600004, 0, 0, 0, NULL, '中国北京朝阳', 'http://wx.qlogo.cn/mmopen/ut6E27iaeZRxYpNchcUa3MeiaJh6xNaDeF8ol2icwzwWeOZtZD4nuuGCMCA8taWXbFG10KKAglj0Zmv40riaWJWT3icoPlVqJCLCT/0', NULL, NULL, NULL, NULL, NULL, NULL, 1, 1, 'omj0ZuCIulaJbKCgUygDFA8MnqKU', '搜啦宝小鲜'),
(618, 'ZZqvA1476449952', NULL, NULL, 1459411650, 0, 0, 0, NULL, '中国广东广州', 'http://wx.qlogo.cn/mmopen/ut6E27iaeZRyEk1GEiaYmWJyUUZmo6hRoUAtE0bFpryHCLpOppxibSYZS2j7175Y2AJ3HFwzwibyU5fIpKTTqqWSApicBibaFHjsHP/0', NULL, NULL, NULL, NULL, NULL, NULL, 1, 1, 'omj0ZuO18TFfb7OlQo5-ariZZqvA', '凯'),
(619, 't417U1476449952', NULL, NULL, 1474689657, 0, 0, 0, NULL, '安哥拉比耶', 'http://wx.qlogo.cn/mmopen/wcib2GksmGOmJcTO0YyxnyvQJRKZDVNkqcKH8365CYJGx4xaMhRE4paHXuLHot5rMMVsuDDdXa6uibfBFmwRMIGsIjNjK5Sx07/0', NULL, NULL, NULL, NULL, NULL, NULL, 1, 1, 'omj0ZuABj9SifEx3xwYpqUUt417U', 'A 0 '),
(620, 'kg5wQ1476449952', NULL, NULL, 1440300227, 0, 0, 0, NULL, '中国上海浦东新区', 'http://wx.qlogo.cn/mmopen/ut6E27iaeZRxYpNchcUa3MRIgBTmZraYbv2LqERYHlfDHiauTl2DdxtUKmeQCdAtmH2RiadTnJlAg2P8IzibZZ7uGCtoldA7Bnmq/0', NULL, NULL, NULL, NULL, NULL, NULL, 1, 1, 'omj0ZuBG-J_O5ZcPA0Jm_oGkg5wQ', '福娃'),
(621, '-jpog1476449952', NULL, NULL, 1436421173, 0, 0, 0, NULL, '中国浙江宁波', 'http://wx.qlogo.cn/mmopen/5OjFv8Hupiac6WG8V9Qiajp94aEpVn82ooz5WsBWKHYg5Xug4QxdSibYQPTfrXJKIrlbbnp4O0jv52q3ZnZo64CGia4DrG0KtGV3/0', NULL, NULL, NULL, NULL, NULL, NULL, 1, 1, 'omj0ZuCyhOWRVo4KOtoR_t2-jpog', '风调雨顺'),
(622, 'ufov01476449952', NULL, NULL, 1429665518, 0, 0, 0, NULL, '中国上海徐汇', 'http://wx.qlogo.cn/mmopen/wcib2GksmGOmJcTO0YyxnyhqaXviam6MEomt70qwUQLmno987wVoTajVvLApyGkhkxpLWA2I1zliaGiavK9vsIArPIn8kb0ZIx8a/0', NULL, NULL, NULL, NULL, NULL, NULL, 1, 1, 'omj0ZuIuEINb-5uqZg3cfNkufov0', '李愽'),
(623, '8442k1476449953', NULL, NULL, 1476368000, 0, 0, 0, NULL, '中国北京西城', 'http://wx.qlogo.cn/mmopen/uwDAE61IJg4pRU2Z5ib6oXc25q1maRlpeRSpibuxj1mj9yAnWZAbuegbISKFvKw3VQBeSM4st2mZ84ibCwummA7P2B8GiaNxXLQw/0', NULL, NULL, NULL, NULL, NULL, NULL, 1, 1, 'omj0ZuPUHj1vHcyl0yPjW6X8442k', '刚哥'),
(624, 'L7hfA1476449953', NULL, NULL, 1475487916, 0, 0, 0, NULL, '安道尔', 'http://wx.qlogo.cn/mmopen/PiajxSqBRaEKe6FWjDg56wQyskqjoPCdbFxpwbHX0JYSP9leWxKDhWgScAgKNVmU0QBVOOK2VraiaFlYKyRibo4lpoIXHTChzTUyB3YgibUwGhs/0', NULL, NULL, NULL, NULL, NULL, NULL, 1, 1, 'omj0ZuO9DjlV05hGJ3TBbHQL7hfA', 'AAA海纳百川'),
(625, 'dL7IM1476449953', NULL, NULL, 1474851761, 0, 0, 0, NULL, '中国广东佛山', 'http://wx.qlogo.cn/mmopen/qsib5Tb1bC7PRJzRpmvwZ2WItvMhlgaKcVXlLSAJhwCe8FBnEPvmsgeocHfW4RomhaicbHcT1d5h42tD9NvGHVsuExJXWINR7j/0', NULL, NULL, NULL, NULL, NULL, NULL, 1, 1, 'omj0ZuEYQRM-YN6W4sWClI_dL7IM', '何B'),
(626, 'vL1IY1476449953', NULL, NULL, 1433904864, 0, 0, 0, NULL, '中国贵州黔南', 'http://wx.qlogo.cn/mmopen/qsib5Tb1bC7PTnmrePv9jEUg1uORutVBExUsI2JDpwlAJlVibw9ibkrC7dm24ehWhEOJ2xc0jpzHZY11OZVOJlkxwPhNMKJ2owC/0', NULL, NULL, NULL, NULL, NULL, NULL, 1, 1, 'omj0ZuIxexcHWaMf1kIYHMmvL1IY', '珂哥'),
(627, 'c4mc41476449953', NULL, NULL, 1475893335, 0, 0, 0, NULL, '中国山东枣庄', 'http://wx.qlogo.cn/mmopen/ut6E27iaeZRxYpNchcUa3MV1hgYNzWsialTtd4vADMibyDkPSJcpuKT33qsLk5JJRicib5bseA5DvlTEp7pxUEODicfBMcEU6y29Ny/0', NULL, NULL, NULL, NULL, NULL, NULL, 1, 1, 'omj0ZuDTxnyViC9_soEe18Fc4mc4', '自由无风'),
(628, 'kZ4Zw1476449953', NULL, NULL, 1476085842, 0, 0, 0, NULL, '中国上海', 'http://wx.qlogo.cn/mmopen/qsib5Tb1bC7O2VBl3jcz7HGuBZiaVkXN1gfgXEQehUt0SQnXsuZnhMK92W3K64yv5ftCiczvibiaCM1iaGYbHJLvFLbibgS8MoRw6qs/0', NULL, NULL, NULL, NULL, NULL, NULL, 1, 1, 'omj0ZuGFzuguAwT1LMsAYUlkZ4Zw', 'A恒派微交易系统开发。'),
(629, 'Bw0ic1476449953', NULL, NULL, 1429093709, 0, 0, 0, NULL, '爱尔兰多内加尔', 'http://wx.qlogo.cn/mmopen/5OjFv8Hupiae8UTUibQR0jVBg339krgpiaH4AhaDicul7jCaYko4gXqzaibVGL33XbB8YBvj1Uo5smqU223dk4MojxJmMvH2iamB0Q/0', NULL, NULL, NULL, NULL, NULL, NULL, 1, 1, 'omj0ZuL4lNeIVOHl-b76SNABw0ic', '果然'),
(630, 'iDjtM1476449953', NULL, NULL, 1428068748, 0, 0, 0, NULL, '阿曼', 'http://wx.qlogo.cn/mmopen/5OjFv8HupiaeVdIyhxyxPW4uIgfoSWnagZJicplIp9e6VGuB3tnKf6VY68AtFEyQ7iaPZiceywaeKnxgAxMDfKIh6pR4zgbSl8D8/0', NULL, NULL, NULL, NULL, NULL, NULL, 1, 1, 'omj0ZuCLbD80kHF3Oe9gZn5iDjtM', 'cici'),
(631, 'cMugQ1476449953', NULL, NULL, 1476259024, 0, 0, 0, NULL, '中国上海闵行', 'http://wx.qlogo.cn/mmopen/ajNVdqHZLLDicfPSE1fchQHwekAnEKY1mb9cBHVMoO33ibiaLHOJ5RzOJ2GkNYF77ianeCOQThHZzGLr5VeK86XO1KJQdTjN2FCltttSepVwYVI/0', NULL, NULL, NULL, NULL, NULL, NULL, 1, 1, 'omj0ZuCQaccDbJ3ptY_KyIVcMugQ', '箬驿文化张光兵'),
(632, 'we0481476449953', NULL, NULL, 1444549219, 0, 0, 0, NULL, '中国浙江温州', 'http://wx.qlogo.cn/mmopen/ut6E27iaeZRxYpNchcUa3Maf9jt5eeibcafGTFMJ8D1ic1W0p3rquBBibQqrRfb9YBOOlcjibKG562Xv4NPgeeyp7BNdMQVtiaH83w/0', NULL, NULL, NULL, NULL, NULL, NULL, 1, 1, 'omj0ZuGNrxs8Gl4JSDXbnvqwe048', '均力电子开关厂'),
(633, 'Au9cw1476449953', NULL, NULL, 1425431182, 0, 0, 0, NULL, '中国浙江宁波', 'http://wx.qlogo.cn/mmopen/ut6E27iaeZRxYpNchcUa3MQcsJjTpCsdefMRXEeZrNsiaeAp7OlicmGQwPyEZy7SFObkQgmbyJfEAojEoXV0xWakPJRibUBGxgZW/0', NULL, NULL, NULL, NULL, NULL, NULL, 1, 1, 'omj0ZuBp4m_wGPN8UQh1WquAu9cw', '岁月如歌'),
(634, 'SUZZQ1476449953', NULL, NULL, 1466830757, 0, 0, 0, NULL, '中国浙江宁波', 'http://wx.qlogo.cn/mmopen/ut6E27iaeZRxYpNchcUa3MW4hOmsHssMwBzYsHZjAhYibdmv3RStGsUq9BhUlXVibibdEaGg6zyM3VMwCD0j9PlP5MkbzxtPAhxz/0', NULL, NULL, NULL, NULL, NULL, NULL, 1, 1, 'omj0ZuOC6Fr6Dlt4UZYNH4GSUZZQ', '依儿'),
(635, 'ik9_U1476449953', NULL, NULL, 1447032417, 0, 0, 0, NULL, '中国四川乐山', 'http://wx.qlogo.cn/mmopen/zNpsH6ia9icMrCbWFibJT8MtKE83ZmJOJVcyb2QwbAPt7wJTlAYCI6sCLdicYWh2yiaL9UfgQRE6RmhpFaicxZc3v0HZcftVVlETfI/0', NULL, NULL, NULL, NULL, NULL, NULL, 1, 1, 'omj0ZuBoBa8vlihXkNkXEHvik9_U', '游子'),
(636, 'QtA-A1476449953', NULL, NULL, 1440297325, 0, 0, 0, NULL, '中国浙江杭州', 'http://wx.qlogo.cn/mmopen/ut6E27iaeZRxSiaLm8z0bvzdoKJ8yueVGulBEib7chovlSOiasBGQ7KqrdUtvxAjIVAnFvSU1AWqGkWuJPiaD5q7hPN30qgicxSvm8/0', NULL, NULL, NULL, NULL, NULL, NULL, 1, 1, 'omj0ZuInP5w6_HDCCuqkRfkQtA-A', '大海'),
(637, '6Xfg81476449953', NULL, NULL, 1435290436, 0, 0, 0, NULL, '阿尔巴尼亚', 'http://wx.qlogo.cn/mmopen/qsib5Tb1bC7PRJzRpmvwZ2V4GdArQpx2mKJNR3XeoVqavIBV5XBLHhkAuXzd3kJYMwl83wEQvdYoGNgavKwibE8N2HXwUyumb9/0', NULL, NULL, NULL, NULL, NULL, NULL, 1, 1, 'omj0ZuCJ0evXahJNNXTcOFG6Xfg8', '小苗'),
(638, 'RLyjs1476449953', NULL, NULL, 1475029405, 0, 0, 0, NULL, '安道尔', 'http://wx.qlogo.cn/mmopen/qsib5Tb1bC7PRJzRpmvwZ2RyFaicUFk754iaVRApdetrq2dCKQibB4Eb4iayQqUfn6ibRbxpzUSkZ3WNGVgyp3yVkSUAUBpbOMsYzR/0', NULL, NULL, NULL, NULL, NULL, NULL, 1, 1, 'omj0ZuMGUy4P3Lme7t9krljRLyjs', ''),
(639, 'PS8cM1476449954', NULL, NULL, 1475983713, 0, 0, 0, NULL, '中国山东青岛', 'http://wx.qlogo.cn/mmopen/qsib5Tb1bC7PRJzRpmvwZ2YOFa5IqG0Ym0G2TtWzb6dv9w1UsUXFJv3M0tTmGt4QZlF3Zpdvz18DXGNc4qy7L9BLiblZZPJVKl/0', NULL, NULL, NULL, NULL, NULL, NULL, 1, 1, 'omj0ZuKgCLWqA7Y481awOEtPS8cM', '程程'),
(640, '_eSew1476449954', NULL, NULL, 1429696513, 0, 0, 0, NULL, '中国浙江温州', 'http://wx.qlogo.cn/mmopen/qsib5Tb1bC7PRJzRpmvwZ2dSdPqNWrsPhe2qCleLFJIlialqxichl6OhH78k4zBZXDhA7OscgAkueIwFuzK0nXEZJ8vibK6SE8vw/0', NULL, NULL, NULL, NULL, NULL, NULL, 1, 1, 'omj0ZuPXMkv5YpJqeU9a59l_eSew', '珊瑚'),
(641, 'GMzds1476449954', NULL, NULL, 1429086201, 0, 0, 0, NULL, '中国甘肃兰州市', 'http://wx.qlogo.cn/mmopen/ut6E27iaeZRxYpNchcUa3MRPY1vk31dlO2ibBFpJFebVEuibp9eN3V3BrFVhuSdrX37b0tVS58UWBcnnDibdaIPXpg8H4VFwmHmZ/0', NULL, NULL, NULL, NULL, NULL, NULL, 1, 1, 'omj0ZuOPZXXx-ArNyThnRvAGMzds', '倾娜'),
(642, 'wvRW81476449954', NULL, NULL, 1475938561, 0, 0, 0, NULL, '中国福建泉州', 'http://wx.qlogo.cn/mmopen/ut6E27iaeZRxYpNchcUa3MSUAicKGAUstmIE1PYv0hYA5Wgqcg2nJ4aR7WYfENYvlbkMCcXGHDVM6L83Zby8vw5qr9PjcwqkeW/0', NULL, NULL, NULL, NULL, NULL, NULL, 1, 1, 'omj0ZuEuUPEOktxxlLd8WLBwvRW8', '龙'),
(643, 'i9r301476449954', NULL, NULL, 1432887134, 0, 0, 0, NULL, '中国河南商丘', 'http://wx.qlogo.cn/mmopen/5OjFv8Hupiac6WG8V9QiajpyCwkz56yMLQffibciae9Dh7ArwlVFDiaGV1FnibTU5jVtP6XYvfEfNtMfDEauC4TUm1uzrarPh3mQOe/0', NULL, NULL, NULL, NULL, NULL, NULL, 1, 1, 'omj0ZuLDBZZclnEZ8E1K3PDi9r30', '武传伟'),
(644, 'EnxMU1476449954', NULL, NULL, 1438654417, 0, 0, 0, NULL, '中国江西南昌', 'http://wx.qlogo.cn/mmopen/qsib5Tb1bC7PRJzRpmvwZ2Qu5bMHyGgV1hwvojNkMPz7UL5sEs3K9g6U2fdXfD5icicPyYemJnpesKwN6GF7ZC6syZibGuPZt1Sd/0', NULL, NULL, NULL, NULL, NULL, NULL, 1, 1, 'omj0ZuHnM7t2Wl3Y-OvyHEFEnxMU', '星宿'),
(645, '-NRCY1476449954', NULL, NULL, 1473735873, 0, 0, 0, NULL, '奥地利上奥地利', 'http://wx.qlogo.cn/mmopen/wcib2GksmGOkSImKYf8htuzibEIr4SalvkibaIBasHDMw9W97LgXl5pzUg6XDwtH2loGiam5xfFrahbLvTE3Ey4C3UWcd0bdyraebabELibeEcqY/0', NULL, NULL, NULL, NULL, NULL, NULL, 1, 1, 'omj0ZuDhAkV1A_vk79Gqmgu-NRCY', '莱先生'),
(646, 'JmhOo1476449954', NULL, NULL, 1476153525, 0, 0, 0, NULL, '中国陕西西安', 'http://wx.qlogo.cn/mmopen/ut6E27iaeZRyJWK2iaicwZzDBFYicXSjf18XYxTRKjVfs5fDyvX66MkrxCbdhfmJicONSicmFia1c4MQNAdoq5G5Eyp5CuQqLZ0JLVia/0', NULL, NULL, NULL, NULL, NULL, NULL, 1, 1, 'omj0ZuOlhQsrcBdh3mtA5mCJmhOo', 'A00秦明辉 13891951640'),
(647, 'Zrphk1476449954', NULL, NULL, 1476286234, 0, 0, 0, NULL, '奥地利克恩顿', 'http://wx.qlogo.cn/mmopen/wcib2GksmGOmJcTO0YyxnyvkKt49iaQqdB6GfJxrpFpDV4t8lkyOSXTwPsbXiawywyvf9g8pfuGI5spEuFALhkR223WmDmicb70O/0', NULL, NULL, NULL, NULL, NULL, NULL, 1, 1, 'omj0ZuOGOu5eW_cYPZJ0pR-Zrphk', '米多多'),
(648, 'mu68I1476449954', NULL, NULL, 1474387300, 0, 0, 0, NULL, '中国广西北海', 'http://wx.qlogo.cn/mmopen/5OjFv8Hupiad0nEtk1kfjGB5VDVt6Uw6ZXicdxJnsufYVicq7bS7EibsRVDhG3Oe4Iddwbdr4qtunGHuPM3vicHox5yuUICjthbcf/0', NULL, NULL, NULL, NULL, NULL, NULL, 1, 1, 'omj0ZuL96c51SHiTbE2t_ULmu68I', '劳子贤'),
(649, '7472Y1476449954', NULL, NULL, 1434783342, 0, 0, 0, NULL, '中国浙江宁波', 'http://wx.qlogo.cn/mmopen/wcib2GksmGOmJcTO0YyxnytFrMJRetnyCALjzjrVxvSWYtletYq0uzNAvV3d4RQAbv0iczuuicp4cRiajn5VLScGCy8zcXe9OVMX/0', NULL, NULL, NULL, NULL, NULL, NULL, 1, 1, 'omj0ZuDkfl4CDzSgbftohgc7472Y', '范   伟'),
(650, 'lzKoA1476449954', NULL, NULL, 1445995382, 0, 0, 0, NULL, '中国浙江宁波', 'http://wx.qlogo.cn/mmopen/ut6E27iaeZRxYpNchcUa3MbWhicTMReepsrRhoNmrr8yuWws6KUUicY1ic2TvHe5ev6uSMDLCUTUgHA3PNqklriabDD5vxxKSwj9o/0', NULL, NULL, NULL, NULL, NULL, NULL, 1, 1, 'omj0ZuMKaXqdtDPd5UGyAPllzKoA', 'Andy888'),
(651, '8nEws1476449954', NULL, NULL, 1436513119, 0, 0, 0, NULL, '中国浙江宁波', 'http://wx.qlogo.cn/mmopen/qsib5Tb1bC7PRJzRpmvwZ2Wr2ibdJ7PajIC35l41oObfmtGjBRia0u9bNXR0mRhtMzUHO9Vcib5gemSBTJe34JZGROATrY8lu2y5/0', NULL, NULL, NULL, NULL, NULL, NULL, 1, 1, 'omj0ZuOpD0jsAMzZQ8WEqWk8nEws', '秦泗武'),
(652, 'cgc381476449954', NULL, NULL, 1432966408, 0, 0, 0, NULL, '中国上海', 'http://wx.qlogo.cn/mmopen/Q3auHgzwzM4Tj5BTibcomsKpKyDYRPxg3d3ZibVM3lHUXCBLRpfAHUrrvVZgY4m5E5133A4ibz1gnyX9PHXyxLILiccxWIFrhI26ziawvk1L4le0/0', NULL, NULL, NULL, NULL, NULL, NULL, 1, 1, 'omj0ZuEFcEcpE2XJjq3fAbTcgc38', 'Listen'),
(653, 'TXI2E1476449954', NULL, NULL, 1475112520, 0, 0, 0, NULL, '中国广东深圳', 'http://wx.qlogo.cn/mmopen/wcib2GksmGOmJcTO0YyxnyuXm0ynuQHP1iasB6aWdPXZgAiarXia7icecPzMUicdjjdDIMRawUN7DSE8zM96bTbmEPMBUT8Bvd8iaSo/0', NULL, NULL, NULL, NULL, NULL, NULL, 1, 1, 'omj0ZuEK7c47_A47UiUbUAmTXI2E', 'BD7JGP-蒋华连（家具人）'),
(654, '06gOA1476449955', NULL, NULL, 1448003637, 0, 0, 0, NULL, '中国重庆万州', 'http://wx.qlogo.cn/mmopen/ut6E27iaeZRxYpNchcUa3MQ1PoDe5GfsROeEV514ubfNoficwerF7d643zvibib6C1PB8Amnhyt6PxO3aW1zZzG2eMQOSyYSic5dE/0', NULL, NULL, NULL, NULL, NULL, NULL, 1, 1, 'omj0ZuFtHZpSOUJwNRslRba06gOA', '飘雪'),
(655, 'nfwrM1476449955', NULL, NULL, 1475415024, 0, 0, 0, NULL, '中国北京大兴', 'http://wx.qlogo.cn/mmopen/qsib5Tb1bC7PRJzRpmvwZ2YRficvx7kHBMmqCKyfplTUsHtNBM4D2q5KAGIw8dXibWqPbrR1CNslapj7zbFOKWGiaFmx7gJHcjOc/0', NULL, NULL, NULL, NULL, NULL, NULL, 1, 1, 'omj0ZuISxDbb_tA1Fyi7ggPnfwrM', '马博-欣朋网络-平台研发-定制运营'),
(656, 'nUzUs1476449955', NULL, NULL, 1474969147, 0, 0, 0, NULL, '中国河南郑州', 'http://wx.qlogo.cn/mmopen/ut6E27iaeZRxYpNchcUa3MecCuMy6fqyj0HmV2jkkLIicXg9sCuTeb2rxBUNiaGeHEz8t4033XP4de2vIp7t3SiaJw1BRXsxDvaic/0', NULL, NULL, NULL, NULL, NULL, NULL, 1, 1, 'omj0ZuCfKbcHrKkXkKbDcF6nUzUs', '正能量'),
(657, '0NYeo1476449955', NULL, NULL, 1472636326, 0, 0, 0, NULL, '中国浙江宁波', 'http://wx.qlogo.cn/mmopen/5OjFv8Hupiac6WG8V9Qiajp1w8dOtibtYB0fQafh8cvk0WaX6SSoe0Un4d2XhGZZBY0gmiaUIW4u5J8ibnLFzDgVVib5f8VJad145w/0', NULL, NULL, NULL, NULL, NULL, NULL, 1, 1, 'omj0ZuN_5JXgyt5BNGiUQAh0NYeo', '叮叮叮叮叮叮'),
(658, 'JNbEw1476449955', NULL, NULL, 1450235438, 0, 0, 0, NULL, '冰岛', 'http://wx.qlogo.cn/mmopen/9tqbrf6Bf0P2T0qOsNBQTRsWYBlq8O5HlAuzzCKH5z44evHFibB8OxxAMUk2E8nOknDnKvS1p5MrC5iaBFrkFKrfCTV4bl9hjU/0', NULL, NULL, NULL, NULL, NULL, NULL, 1, 1, 'omj0ZuLefHVcSPS1mDHDd-qJNbEw', '兮兮'),
(659, 'qNgv01476449955', NULL, NULL, 1476087011, 0, 0, 0, NULL, '中国湖北武汉', 'http://wx.qlogo.cn/mmopen/wcib2GksmGOmJcTO0Yyxnyh7g9RJAGWXib5xZ3toxcQQXibkHAyh2J0librH6SNbCePyI0mCWG9QU3saHibHzks2ovPAj7sDUoz4G/0', NULL, NULL, NULL, NULL, NULL, NULL, 1, 1, 'omj0ZuINUAr8lJ6sYPtgOYnqNgv0', '西北靠右'),
(660, '5d_S01476449955', NULL, NULL, 1476079612, 0, 0, 0, NULL, '中国湖南株洲', 'http://wx.qlogo.cn/mmopen/ut6E27iaeZRxYpNchcUa3MX6tLicW4xpROibprniccZGMfx4sNialeK4gp7uqv71fM1mUdE9qmTSuS66cbh1xgtvpSKBSp7NnBCKZ/0', NULL, NULL, NULL, NULL, NULL, NULL, 1, 1, 'omj0ZuA02QHbhSSeIWTykIy5d_S0', '夜'),
(661, 'Qzzbk1476449955', NULL, NULL, 1432459716, 0, 0, 0, NULL, '', 'http://wx.qlogo.cn/mmopen/qsib5Tb1bC7P4b7vTVcbdXGkUPFsRtEskY4bsx25uq2cczMkF1BqsAXw51xut3zjRPKKHzfufcNsI9iaRhHqG2UIOpicjTEjvze/0', NULL, NULL, NULL, NULL, NULL, NULL, 1, 1, 'omj0ZuCw6Lz6UH_p9rdFB9QQzzbk', '清清装璜公司，个人'),
(662, '7-ZIc1476449955', NULL, NULL, 1438125917, 0, 0, 0, NULL, '中国浙江杭州', 'http://wx.qlogo.cn/mmopen/PiajxSqBRaEKkmoCtoo4Le0O7LGiaI54bfz5EM5rQRpqoG5uEnsEVZgiarILostCfjnibIzUU7PLlHPJaCoz8BI9OvqrylFHmcCxZgB67CqyUNk/0', NULL, NULL, NULL, NULL, NULL, NULL, 1, 1, 'omj0ZuLIGHNzwU953Ml6q8_7-ZIc', 'A00000000阙定瑜'),
(663, 'lw0sE1476449955', NULL, NULL, 1429669225, 0, 0, 0, NULL, '中国广东广州', 'http://wx.qlogo.cn/mmopen/5OjFv8HupiacbEBSwJjPQmCvq4T5GMgw6Tn3fG0EeSiaOXiazXvoNy0ibVfSCPyH0b6sH2LFWnm3wXOXvr01pY1zCy85Xgc2pQ2Z/0', NULL, NULL, NULL, NULL, NULL, NULL, 1, 1, 'omj0ZuHQRNaon_vNCCWPK1Alw0sE', '客户太少怎么办？'),
(664, 'YZzhM1476449955', NULL, NULL, 1475155964, 0, 0, 0, NULL, '爱尔兰基尔代尔', 'http://wx.qlogo.cn/mmopen/5OjFv8HupiadSgg14ePWgiajh03Fw3xHwDq056IYoUAADO8Miavb82pfSKRkvuFIL9ia93ic5cBFAicjvHrJvHF50JjOgvROS2LbDF/0', NULL, NULL, NULL, NULL, NULL, NULL, 1, 1, 'omj0ZuC-sgmAQC2AALJVhx7YZzhM', '马哥'),
(665, '1kdGM1476449955', NULL, NULL, 1463292421, 0, 0, 0, NULL, '中国广东梅州', 'http://wx.qlogo.cn/mmopen/9tqbrf6Bf0P2T0qOsNBQTfCIyQ1nIWzGM6CJ2hR8Nj5Hec5INSZJUus4Y9Jq5fSK0ZxMY7nqV5dXQLdR6Cn9icgN66yLflUmo/0', NULL, NULL, NULL, NULL, NULL, NULL, 1, 1, 'omj0ZuANeps0UHTHt7WG19A1kdGM', 'A平价特产销售平台'),
(666, 'Hvnrk1476449955', NULL, NULL, 1437033879, 0, 0, 0, NULL, '', 'http://wx.qlogo.cn/mmopen/5OjFv8HupiaeEPibicPa9QE2YC9l7Sza3QPCmO0qjGbugh9ycK99SGlUdXLX7wTzHjxPqicQuamts2OZpVNyFmrmvoVibgZ1XIdiaS/0', NULL, NULL, NULL, NULL, NULL, NULL, 1, 1, 'omj0ZuCowABx9L43OnxDddgHvnrk', '青山绿水'),
(667, 'Aro6Y1476449955', NULL, NULL, 1460349257, 0, 0, 0, NULL, '中国陕西西安', 'http://wx.qlogo.cn/mmopen/Q3auHgzwzM5PsVMjgcIPSdIOQGSNesCHib2nA4WrltcTRLzQET4oKW9ibMsRc1DKvBlIJLnW3nLlEpKGkGJet1HQ/0', NULL, NULL, NULL, NULL, NULL, NULL, 1, 1, 'omj0ZuNgG74pz77k2WoDx0MAro6Y', '君无戏言'),
(668, 'pQVtc1476449955', NULL, NULL, 1460349257, 0, 0, 0, NULL, '中国北京', 'http://wx.qlogo.cn/mmopen/PiajxSqBRaELhCVGbXUDicicxogzY10ibbH0zYiah5ibb95YibNoXtmKvhWCmVp4pSPjmJGTqsEkZ10ibZx8ZFjLLWK0dQ/0', NULL, NULL, NULL, NULL, NULL, NULL, 1, 1, 'omj0ZuEAIbi5lLdWAVv9aptpQVtc', '火星小裁缝');

-- --------------------------------------------------------

--
-- 表的结构 `wp_webconfig`
--

CREATE TABLE IF NOT EXISTS `wp_webconfig` (
  `id` int(11) NOT NULL,
  `isopen` int(11) NOT NULL DEFAULT '0' COMMENT '0开启，1关闭',
  `webname` varchar(20) DEFAULT NULL COMMENT '网站名称',
  `onelevel` varchar(20) NOT NULL,
  `twolevel` varchar(20) NOT NULL,
  `Pscale` varchar(20) NOT NULL,
  `begintime` int(20) DEFAULT NULL COMMENT '休市开始时间',
  `endtime` int(20) DEFAULT NULL COMMENT '休市结束时间',
  `notice` varchar(100) DEFAULT NULL COMMENT '公告',
  `isnotice` int(10) DEFAULT '0' COMMENT '0开启，1关闭',
  PRIMARY KEY (`id`)
) ENGINE=MyISAM DEFAULT CHARSET=utf8;

--
-- 转存表中的数据 `wp_webconfig`
--

INSERT INTO `wp_webconfig` (`id`, `isopen`, `webname`, `onelevel`, `twolevel`, `Pscale`, `begintime`, `endtime`, `notice`, `isnotice`) VALUES
(1, 1, '国网农业交易MT4', '0.2', '0.1', '0.3', NULL, NULL, '源 码 由 折 翼 天 使 资 源 社 区 提 供！', 0);

-- --------------------------------------------------------

--
-- 表的结构 `wp_wechat`
--

CREATE TABLE IF NOT EXISTS `wp_wechat` (
  `wcid` int(11) NOT NULL AUTO_INCREMENT,
  `appid` varchar(255) DEFAULT NULL COMMENT 'AppID(应用ID)',
  `appsecret` varchar(255) DEFAULT NULL COMMENT 'AppSecret(应用密钥)',
  `wxname` varchar(255) DEFAULT NULL COMMENT '公众号名称',
  `wxlogin` varchar(255) DEFAULT NULL COMMENT '微信原始账号',
  `wxurl` varchar(255) DEFAULT NULL COMMENT 'url服务器地址',
  `token` varchar(255) DEFAULT NULL COMMENT '令牌',
  `encodingaeskey` varchar(255) DEFAULT NULL COMMENT '消息加密解密秘钥',
  `parterid` int(11) DEFAULT NULL COMMENT '微信商户账号',
  `parterkey` varchar(255) DEFAULT NULL COMMENT '32位密码',
  PRIMARY KEY (`wcid`)
) ENGINE=MyISAM  DEFAULT CHARSET=utf8 AUTO_INCREMENT=4 ;

--
-- 转存表中的数据 `wp_wechat`
--

INSERT INTO `wp_wechat` (`wcid`, `appid`, `appsecret`, `wxname`, `wxlogin`, `wxurl`, `token`, `encodingaeskey`, `parterid`, `parterkey`) VALUES
(3, 'wx9e276db3007d9025', '8f23a7faf0652023530f14cb1db65d3c', 'nbbbncom', 'gh_dfb50321106e', '', '', '', 1222980101, '29893062e8e7510d4b87583bea74fa0b');

/*!40101 SET CHARACTER_SET_CLIENT=@OLD_CHARACTER_SET_CLIENT */;
/*!40101 SET CHARACTER_SET_RESULTS=@OLD_CHARACTER_SET_RESULTS */;
/*!40101 SET COLLATION_CONNECTION=@OLD_COLLATION_CONNECTION */;
